{"type":"OeBuildPlan","dependentArtifacts":null,"customAttributes":[{"constraints":"{}","description":"","name":"SERVER_MASK","value":"","type":"string"},{"constraints":"{}","description":"","name":"VLAN_ID","value":"0","type":"string"},{"constraints":"{}","description":"","name":"SERVER_FQDN","value":"","type":"string"},{"constraints":"{}","description":"","name":"DATADOG_TAG","value":"","type":"string"},{"constraints":"{}","description":"","name":"SERVER_GW","value":"","type":"string"},{"constraints":"{}","description":"","name":"DNS_IP","value":"","type":"string"},{"constraints":"{}","description":"","name":"CONSUL_FQDN","value":"","type":"string"},{"constraints":"{}","description":"","name":"SERVER_IP","value":"","type":"string"}],"buildStep":[{"planScriptUri":"/rest/plan-scripts/4112503a-2faf-4da5-8941-2a2b9a7ff4e3","planScriptName":"HudsonAlpha_CentOS7.4_mount","serialNumber":"1","parameters":null},{"planScriptUri":"/rest/plan-scripts/4e87fd1b-4eb9-431e-8853-d90df90f48a3","planScriptName":"HudsonAlpha_prep_yum_systemd","serialNumber":"2","parameters":null},{"planScriptUri":"/rest/plan-scripts/09f5a686-2058-477f-a173-7bc4251aad1e","planScriptName":"HudsonAlpha_NICbond_static_systemd","serialNumber":"3","parameters":null},{"planScriptUri":"/rest/plan-scripts/2edbfcc2-a061-4298-bc71-3835604468ac","planScriptName":"HudsonAlpha_Consul_systemd","serialNumber":"4","parameters":null},{"planScriptUri":"/rest/plan-scripts/d328313d-0c54-4a63-9ace-60be08a0b329","planScriptName":"HudsonAlpha_config_hostname_root_ssh","serialNumber":"5","parameters":null},{"planScriptUri":"/rest/plan-scripts/46dd9048-510f-4121-96ee-ef8d3aaaee83","planScriptName":"HudsonAlpha_CentOS7.4_OpenStack_compute_systemd","serialNumber":"6","parameters":null},{"planScriptUri":"/rest/plan-scripts/9f2a3bb3-18ef-4222-9598-2951f0d8d78e","planScriptName":"HudsonAlpha_DataDog_systemd","serialNumber":"7","parameters":null},{"planScriptUri":"/rest/plan-scripts/5fb3d461-074f-49da-bf32-24336c1857fd","planScriptName":"HudsonAlpha_CentOS7.4_umount","serialNumber":"8","parameters":null}],"eTag":null,"created":null,"modified":null,"hpProvided":false,"buildPlanid":"22551489-7335-49a2-b151-31c0353bfa7e","oeBuildPlanType":"deploy","description":"Provision CentOS 7.3 node with NIC bonding (untagged VLAN, static IP), Multipathing, DataDog agent, Consul agent, and 1 DAS disk for nova VG","category":null,"status":null,"uri":null,"name":"HudsonAlpha_OpenStack_compute"}