{"type":"PlanScript","dependentArtifacts":null,"hpProvided":false,"eTag":null,"created":null,"modified":null,"customAttributes":null,"planType":"deploy","description":"systemd configuration for Consul agent install, which runs as Docker container","category":null,"status":null,"uri":null,"name":"HudsonAlpha_CentOS7.3_Consul_systemd","id":"2edbfcc2-a061-4298-bc71-3835604468ac","state":null,"content":"#\n# Katreena Mullican\n# HudsonAlpha Institute for Biotechnology\n# This code is under the MIT license, view the complete file at https://github.com/HudsonAlpha/synergy/blob/master/LICENSE\n# \necho \"########################################\"\necho \"Create CentOS 7.3 systemd startup files for Consul agent install\"\necho \"########################################\"\n\nupload -<<END /etc/systemd/system/consul-install.service\n[Unit]\nDescription=Install Consul agent\nAfter=multi-user.target network-bond.service\nRequires=network-bond.service\n\n[Service]\nType=oneshot\nExecStart=/usr/local/bin/consul-agent-install.sh\n\n[Install]\nWantedBy=runlast.target\nEND\n\nupload -<<END /usr/local/bin/consul-agent-install.sh\n#! /bin/bash\n#\n# Install docker (if not already)\n#\nif [[ ! -f /usr/bin/docker ]] ; then\n   yum makecache fast\n   sleep 5\n   yum install -y docker\n   systemctl enable docker\n   systemctl start docker\nfi\n\n#\n# Check to see if container exists from previous install\n#\nif docker ps -a | grep -q consul ; then\n   echo \"Consul container already exists.  Starting it up ....\"\n   docker start consul\n   exit 2\nfi\n\necho \"Installing Consul agent\"\n\n# be sure network is active (ping out to internet)\nCONNECT=\"\"\nwhile [[ $CONNECT != \"ok\" ]] ; do\n   CONNECT=$(ping -q -w 1 -c 1 8.8.8.8 > /dev/null && echo \"ok\" || echo \"error\")\n   sleep 2\ndone\n\n#\n# Get the external interface name and IP address\n#\nEXT_IFACE=$(ip route | grep default | awk '{print $5}')\nEXT_IP=$(ip a | grep $EXT_IFACE | grep inet | awk '{print $2}' | awk -F\"/\" '{print $1}')\n\n#\n# Install the agent\n#\nmkdir -p /consul/data\nmkdir -p /consul/config\n\ndocker run -d --name=\"consul\" --net=host -e 'CONSUL_LOCAL_CONFIG={\"leave_on_terminate\": true,\"disable_remote_exec\": false}' consul agent -bind=$EXT_IP -retry-join=\"@CONSUL_FQDN@\"\nEND\n\nchmod 0755 /usr/local/bin/consul-agent-install.sh\n\nln-s /etc/systemd/system/consul-install.service /etc/systemd/system/runlast.target.wants/consul-install.service\n\necho \"Create Consul systemd complete\""}