{"type":"PlanScript","dependentArtifacts":null,"hpProvided":false,"eTag":null,"created":null,"modified":null,"customAttributes":null,"planType":"capture","description":"sysprep a new CentOS 7.3 installation for Golden Image","category":null,"status":null,"uri":null,"name":"HudsonAlpha_CentOS7.3_generalize_host_configuration","id":"7336b688-5093-4fb3-8836-245a68c66e7c","state":null,"content":"#\n# Katreena Mullican\n# HudsonAlpha Institute for Biotechnology\n# This code is under the MIT license, view the complete file at https://github.com/HudsonAlpha/synergy/blob/master/LICENSE\n# \necho \"########################################\"\necho \"Generalize CentOS 7.3 host configuration\"\necho \"########################################\"\n\necho \"Clear current hostname\"\ntouch /etc/hostname\nrm /etc/hostname\n\necho \"Remove current network configuration\"\ntouch /etc/sysconfig/network-scripts/ifcfg-en-touch\ntouch /etc/sysconfig/network-scripts/ifcfg-bond-touch\nglob rm /etc/sysconfig/network-scripts/ifcfg-en*\nglob rm /etc/sysconfig/network-scripts/ifcfg-bond*\n\n# No need to remove 70-persistent-net.rules file, it doesn't exist in CentOS 7\n\necho \"Remove SSH keys\"\nglob rm-f /etc/ssh/*key*\n\necho \"Remove history\"\ntouch /root/.bash_history\nrm /root/.bash_history\n\necho \"Remove logs\"\nrm /var/log/messages\nrm /var/log/wtmp\nrm /var/log/btmp\nrm /var/log/secure\ntouch /var/log/messages\ntouch /var/log/secure\ntouch /var/log/wtmp\ntouch /var/log/btmp\n\necho \"CentOS 7.3 generalization complete\""}