{"type":"OeBuildPlan","dependentArtifacts":null,"customAttributes":[{"constraints":"{}","description":"","name":"IP_ALLOC_POOL_END","value":"","type":"string"},{"constraints":"{}","description":"","name":"NEUTRON_EXT_CIDR","value":"","type":"string"},{"constraints":"{}","description":"","name":"NEUTRON_EXT_GW","value":"","type":"string"},{"constraints":"{}","description":"","name":"SERVER_MASK","value":"","type":"string"},{"constraints":"{}","description":"","name":"VLAN_ID","value":"0","type":"string"},{"constraints":"{}","description":"","name":"SERVER_FQDN","value":"","type":"string"},{"constraints":"{}","description":"","name":"DATADOG_TAG","value":"","type":"string"},{"constraints":"{}","description":"","name":"SERVER_GW","value":"","type":"string"},{"constraints":"{}","description":"","name":"IP_ALLOC_POOL_START","value":"","type":"string"},{"constraints":"{}","description":"","name":"CONSUL_FQDN","value":"","type":"string"},{"constraints":"{}","description":"","name":"DNS_IP","value":"","type":"string"},{"constraints":"{}","description":"","name":"SERVER_IP","value":"","type":"string"}],"buildStep":[{"planScriptUri":"/rest/plan-scripts/4112503a-2faf-4da5-8941-2a2b9a7ff4e3","planScriptName":"HudsonAlpha_CentOS7.3_mount","serialNumber":"1","parameters":null},{"planScriptUri":"/rest/plan-scripts/4e87fd1b-4eb9-431e-8853-d90df90f48a3","planScriptName":"HudsonAlpha_CentOS7.3_prep_yum_systemd","serialNumber":"2","parameters":null},{"planScriptUri":"/rest/plan-scripts/09f5a686-2058-477f-a173-7bc4251aad1e","planScriptName":"HudsonAlpha_CentOS7.3_NICbond_static_systemd","serialNumber":"3","parameters":null},{"planScriptUri":"/rest/plan-scripts/2edbfcc2-a061-4298-bc71-3835604468ac","planScriptName":"HudsonAlpha_CentOS7.3_Consul_systemd","serialNumber":"4","parameters":null},{"planScriptUri":"/rest/plan-scripts/d328313d-0c54-4a63-9ace-60be08a0b329","planScriptName":"HudsonAlpha_CentOS7.3_config_hostname_root_ssh","serialNumber":"5","parameters":null},{"planScriptUri":"/rest/plan-scripts/161d58ec-9474-4e7b-94b5-a7be954c5afb","planScriptName":"HudsonAlpha_CentOS7.3_OpenStack_systemd","serialNumber":"6","parameters":null},{"planScriptUri":"/rest/plan-scripts/9f2a3bb3-18ef-4222-9598-2951f0d8d78e","planScriptName":"HudsonAlpha_CentOS7.3_DataDog_systemd","serialNumber":"7","parameters":null},{"planScriptUri":"/rest/plan-scripts/5fb3d461-074f-49da-bf32-24336c1857fd","planScriptName":"HudsonAlpha_CentOS7.3_umount","serialNumber":"8","parameters":null}],"eTag":null,"created":null,"modified":null,"hpProvided":false,"buildPlanid":"85d749d8-dd42-4333-b57d-e56328513459","oeBuildPlanType":"deploy","description":"Provision CentOS 7.3 node with NIC bonding (untagged VLAN, static IP), Multipathing, DataDog agent, Consul agent, OpenStack Newton all-in-one, 2 DAS disks for nova VG, and 2 DAS disks for Cinder VG","category":null,"status":null,"uri":null,"name":"HudsonAlpha_OpenStack_all-in-one"}