{"type":"OeBuildPlan","dependentArtifacts":null,"customAttributes":[],"buildStep":[{"planScriptUri":"/rest/plan-scripts/5fb3d461-074f-49da-bf32-24336c1857fd","planScriptName":"HudsonAlpha_CentOS7.3_umount","serialNumber":"1","parameters":null},{"planScriptUri":"/rest/plan-scripts/7336b688-5093-4fb3-8836-245a68c66e7c","planScriptName":"HudsonAlpha_CentOS7.3_generalize_host_configuration","serialNumber":"2","parameters":null},{"planScriptUri":"/rest/plan-scripts/4112503a-2faf-4da5-8941-2a2b9a7ff4e3","planScriptName":"HudsonAlpha_CentOS7.3_mount","serialNumber":"3","parameters":null}],"eTag":null,"created":null,"modified":null,"hpProvided":false,"buildPlanid":"86761a75-eda1-4a2e-b73f-de9cabb85414","oeBuildPlanType":"capture","description":"Capture CentOS 7.3 installation and prep for Golden Image","category":null,"status":null,"uri":null,"name":"HudsonAlpha_CentOS7.3_capture"}