{"type":"PlanScript","dependentArtifacts":null,"hpProvided":false,"eTag":null,"created":null,"modified":null,"customAttributes":null,"planType":"deploy","category":null,"description":"prepare the yum and systemd environments","status":null,"uri":null,"name":"2018-03-15-HudsonAlpha_prep_yum_systemd","id":"00d61fcf-b321-46e2-acff-00ac5707df24","state":null,"content":"#\n# Katreena Mullican\n# HudsonAlpha Institute for Biotechnology\n# This code is under the MIT license, view the complete file at https://github.com/HudsonAlpha/synergy/blob/master/LICENSE\n# \necho \"########################################\"\necho \"Prep the systemd environment for custom scripts\"\necho \"########################################\"\n\n#\n# if not using the default CentOS internet repos, create custom repos here\n#\n\n#\n# be sure yum cache is clear\n#\nrm-rf /var/cache/yum\nmkdir /var/cache/yum\n\n#\n# create the custom systemd target\n#\nupload -<<END /etc/systemd/system/runlast.target\n[Unit]\nDescription=Custom Target\nRequires=multi-user.target\nAfter=multi-user.target\nAllowIsolate=yes\nEND\n\nrm /etc/systemd/system/default.target\nln-s /etc/systemd/system/runlast.target /etc/systemd/system/default.target\nmkdir /etc/systemd/system/runlast.target.wants\n\necho \"Prep systemd complete\""}