{"type":"OeBuildPlan","dependentArtifacts":null,"customAttributes":[],"buildStep":[{"planScriptName":"HudsonAlpha_CentOS7.4_mount","planScriptUri":"/rest/plan-scripts/e2015c56-5f33-42c5-8cc9-4b0a6161cfae","parameters":null,"serialNumber":"1"},{"planScriptName":"HudsonAlpha_CentOS7.4_generalize_host_configuration","planScriptUri":"/rest/plan-scripts/ddd294cb-8d2c-491c-b408-4481887ddf39","parameters":null,"serialNumber":"2"},{"planScriptName":"HudsonAlpha_CentOS7.4_umount","planScriptUri":"/rest/plan-scripts/f3db38f9-3079-42ff-ba1f-f7b6f6914b3c","parameters":null,"serialNumber":"3"}],"eTag":null,"created":null,"modified":null,"hpProvided":false,"buildPlanid":"0327f6f4-91ec-42f2-88be-ff34146ef384","oeBuildPlanType":"capture","category":null,"description":"Capture CentOS 7.4 installation and prep for Golden Image","status":null,"uri":null,"name":"HudsonAlpha_CentOS7.4_capture"}