{"type":"PlanScript","dependentArtifacts":null,"hpProvided":false,"eTag":null,"created":null,"modified":null,"customAttributes":null,"planType":"deploy","category":null,"description":"systemd configuration Nova VG with 2 DAS disks","status":null,"uri":null,"name":"2018-03-15-HudsonAlpha_CentOS7.4_OpenStack_compute_systemd","id":"058947c7-378f-4917-bbac-7ff401e03224","state":null,"content":"#\n# Katreena Mullican\n# HudsonAlpha Institute for Biotechnology\n# This code is under the MIT license, view the complete file at https://github.com/HudsonAlpha/synergy/blob/master/LICENSE\n# \necho \"########################################\"\necho \"Create CentOS 7.4 systemd startup files for OpenStack compute node install\"\necho \"########################################\"\n\nupload -<<END /etc/systemd/system/openstack-config-nova-vg.service\n[Unit]\nDescription=Configure nova volume group for compute node\nAfter=multi-user.target network-bond.service docker-install.service consul-install.service\nRequires=network-bond.service consul-install.service\nConditionPathIsMountPoint=!/var/lib/nova\n\n[Service]\nType=simple\nExecStart=/usr/local/bin/nova-volgroup.sh\n\n[Install]\nWantedBy=runlast.target\nEND\n\nupload -<<END /usr/local/bin/nova-volgroup.sh\n#! /bin/bash\n#\n#\n# Docker should have already claimed one DAS drive and written\n# the info to /root/.DAS.consumed\n# There should be 2 additional DAS drives (for nova), HBA mode\n#\nif [[ ! -f /root/.DAS.consumed ]] ; then\n   echo \"Oops!  There is no /root/.DAS.consumed file.\"\n   echo \"Did the docker systemd install run OK?\"\n   echo \"Exiting ....\"\n   exit 1\nfi\n\n#\n# Configure the volume group for /var/lib/nova mountpoint and SSH pubkey\n# for controller node packstack user\n#\necho \"Configuring LVM VG /var/lib/nova\"\n#\nMPATH_NUM=$(ls /dev/mapper/mpath* | wc -l)\nif [[ $MPATH_NUM -ne 3 ]] ; then\n   echo \"ERROR: expected 3 DAS drives, found $MPATH_NUM\"\n   echo \"please ensure profile contains 3 DAS drives and try again.\"\n   echo \"exiting ....\"\n   exit 1\nfi\n\n#\n# only use drives that are not already consumed (/root/.DAS.consumed)\n#\nMPATH=($(diff <(ls /dev/mapper | grep mpath) <(cat /root/.DAS.consumed) | sed 's/^< //g' | tail -n +2))\nmkdir /var/lib/nova\npvcreate -ff -y /dev/mapper/${MPATH[0]} /dev/mapper/${MPATH[1]}\nvgcreate -f vg_nova /dev/mapper/${MPATH[0]} /dev/mapper/${MPATH[1]}\nlvcreate -y -n lv_nova -l +100%FREE vg_nova\nmkfs.xfs -f /dev/vg_nova/lv_nova\necho \"/dev/vg_nova/lv_nova   /var/lib/nova   xfs   defaults,_netdev   0 0\" >> /etc/fstab\nmount -a\n\n#\n# Make note of the consumed DAS drives for subsequent application\n#\necho \"${MPATH[0]}\" >> /root/.DAS.consumed\necho \"${MPATH[1]}\" >> /root/.DAS.consumed\n\n#\n# Get controller node packstack public key from consul\n#\ndocker exec consul consul kv get synergy/packstack >> /root/.ssh/authorized_keys\n\nexit 0\nEND\n\nchmod 0755 /usr/local/bin/nova-volgroup.sh\n\nln-s /etc/systemd/system/openstack-config-nova-vg.service /etc/systemd/system/runlast.target.wants/openstack-config-nova-vg.service\n\necho \"Create OpenStack compute systemd complete\""}