{"type":"OeBuildPlan","dependentArtifacts":null,"customAttributes":[{"constraints":"{}","description":"","name":"K8S_CLUSTER_NAME","value":"","type":"string"},{"constraints":"{}","description":"","name":"VLAN_ID","value":"0","type":"string"},{"constraints":"{}","description":"","name":"SERVER_FQDN","value":"","type":"string"},{"constraints":"{}","description":"","name":"DATADOG_TAG","value":"","type":"string"},{"constraints":"{}","description":"","name":"CONSUL_FQDN","value":"","type":"string"}],"buildStep":[{"planScriptName":"2018-03-15-HudsonAlpha_CentOS7.4_mount","planScriptUri":"/rest/plan-scripts/ed59ff1a-6c19-427c-a36d-5eb527a24ea2","parameters":null,"serialNumber":"1"},{"planScriptName":"2018-03-15-HudsonAlpha_prep_yum_systemd","planScriptUri":"/rest/plan-scripts/00d61fcf-b321-46e2-acff-00ac5707df24","parameters":null,"serialNumber":"2"},{"planScriptName":"2018-03-15-HudsonAlpha_NICbond_DHCP_systemd","planScriptUri":"/rest/plan-scripts/7f7abcdd-2395-401f-9ad6-b29a278cc135","parameters":null,"serialNumber":"3"},{"planScriptName":"2018-03-15-HudsonAlpha_DAS_cleanup_systemd","planScriptUri":"/rest/plan-scripts/e756a2dc-9f5c-436f-b7bf-aa44cd0d6915","parameters":null,"serialNumber":"4"},{"planScriptName":"2018-03-15-HudsonAlpha_Docker_systemd","planScriptUri":"/rest/plan-scripts/e66e31b1-7f93-4184-bd94-982fda434e59","parameters":null,"serialNumber":"5"},{"planScriptName":"2018-03-15-HudsonAlpha_Consul_systemd","planScriptUri":"/rest/plan-scripts/784895fb-6c53-4a62-a6d9-ca0fabc14ef2","parameters":null,"serialNumber":"6"},{"planScriptName":"2018-03-15-HudsonAlpha_config_hostname_root_ssh","planScriptUri":"/rest/plan-scripts/7448ffbd-6ca0-4d91-a433-9917cdc9be57","parameters":null,"serialNumber":"7"},{"planScriptName":"2018-06-06-HudsonAlpha_DataDogDocker_systemd","planScriptUri":"/rest/plan-scripts/1773799e-68ed-4b25-8b9f-b9f5d945c03d","parameters":null,"serialNumber":"8"},{"planScriptName":"2018-06-04-HudsonAlpha_K8s_master_systemd","planScriptUri":"/rest/plan-scripts/a4a42019-6533-4911-9ebd-91b09aa8f80c","parameters":null,"serialNumber":"9"},{"planScriptName":"2018-03-15-HudsonAlpha_CentOS7.4_umount","planScriptUri":"/rest/plan-scripts/a481ccbb-8e61-43a6-853d-ac0c8b701fe7","parameters":null,"serialNumber":"10"}],"eTag":null,"created":null,"modified":null,"hpProvided":false,"buildPlanid":"1f76b6d9-4cff-4a72-b3fb-e5d263517ed8","oeBuildPlanType":"deploy","category":null,"description":"Provision CentOS 7.4 node with DHCP NIC bonding (network set VLAN can be tagged or untagged), multipathing, DataDog agent, Consul agent, Docker engine, and configure as K8s master node","status":null,"uri":null,"name":"2018-06-04-HudsonAlpha_K8s_Master_CentOS7.4"}