{"type":"PlanScript","dependentArtifacts":null,"hpProvided":false,"eTag":null,"created":null,"modified":null,"customAttributes":null,"planType":"general","category":null,"description":"","status":null,"uri":null,"name":"2018-03-15-HudsonAlpha_CentOS7.4_umount","id":"a481ccbb-8e61-43a6-853d-ac0c8b701fe7","state":null,"content":"echo \"########################################\"\necho \"Cleanup and unmount CentOS 7.4 file systems \"\necho \"########################################\"\n\necho \"Unmount file systems\"\numount /\necho"}