{"type":"PlanScript","dependentArtifacts":null,"hpProvided":false,"eTag":null,"created":null,"modified":null,"customAttributes":null,"planType":"deploy","category":null,"description":"Install kubeadm and initialize cluster with weave network","status":null,"uri":null,"name":"2018-06-04-HudsonAlpha_K8s_master_systemd","id":"a4a42019-6533-4911-9ebd-91b09aa8f80c","state":null,"content":"#\n# Katreena Mullican\n# HudsonAlpha Institute for Biotechnology\n# This code is under the MIT license, view the complete file at https://github.com/HudsonAlpha/synergy/blob/master/LICENSE\n# \necho \"########################################\"\necho \"Create systemd startup files for Kubernetes master install\"\necho \"########################################\"\n\nupload -<<END /etc/systemd/system/k8s-master-install.service\n[Unit]\nDescription=Install Kubernetes master node\nAfter=multi-user.target network-bond.service consul-install.service\nRequires=network-bond.service\n\n[Service]\nType=oneshot\nExecStart=/usr/local/bin/k8s-master-install.sh\n\n[Install]\nWantedBy=runlast.target\nEND\n\nupload -<<END /usr/local/bin/k8s-master-install.sh\n#! /bin/bash\n\n#\n# Katreena Mullican\n# HudsonAlpha Institute for Biotechnology\n# October 2017\n#\n# Setup a K8s master node with weave network\n#\n\n#\n# Disable selinux and set disabled for future boots\n#\necho \"Disabling SELinux\"\nsetenforce 0\nsed -i 's/SELINUX=enforcing/SELINUX=disabled/g' /etc/selinux/config\n\n#\n# Disable firewalld\n#\necho \"Disabling firewalld\"\nsystemctl stop firewalld\nsystemctl disable firewalld\n\n#\n# Disable swap\n#\necho \"Disabling swap\"\nswapoff -a\nsed -i '/swap/d' /etc/fstab\n\n#\n# Setup yum repo for Kubernetes\n#\necho \"Creating yum repo\"\n\ncat <<EOF > /etc/yum.repos.d/k8s.repo\n[kubernetes]\nname=Kubernetes\nbaseurl=https://packages.cloud.google.com/yum/repos/kubernetes-el7-x86_64\nenabled=1\ngpgcheck=1\nrepo_gpgcheck=1\ngpgkey=https://packages.cloud.google.com/yum/doc/yum-key.gpg https://packages.cloud.google.com/yum/doc/rpm-package-key.gpg\nEOF\n\n#\n# Install kubeadm\n#\necho \"Installing kubeadm\"\nyum install -y kubeadm\nsystemctl enable kubelet\n\n#\n# Set cgroup driver to systemd\n#\nsed -i 's#Environment=\"KUBELET_KUBECONFIG_ARGS=-.*#Environment=\"KUBELET_KUBECONFIG_ARGS=--kubeconfig=/etc/kubernetes/kubelet.conf --require-kubeconfig=\ntrue --cgroup-driver=systemd\"#g' /etc/systemd/system/kubelet.service.d/10-kubeadm.conf\n\n#\n# Start kubelet process\n#\necho \"Starting kubeadm\"\nsystemctl start kubelet\n\n#\n# Initialize kubeadm\n#\necho \"Initializing kubeadm\"\nkubeadm init > /tmp/output 2>&1\nmkdir /root/.kube\ncp /etc/kubernetes/admin.conf /root/.kube/config\n\n#\n# Deploy weave network\n#\necho \"Deploying weave network\"\nKUBE_VER=$(kubectl version | base64 | tr -d '\\n')\nsu - -c \"kubectl apply -f \"https://cloud.weave.works/k8s/net?k8s-version=$KUBE_VER\"\"\n\n#\n# Save the join command to Consul\n#\nJOIN_CMD=$(cat /tmp/output | grep \"kubeadm join\")\nWRITE_KV=$(docker exec consul consul kv put k8s/@K8S_CLUSTER_NAME@/join \"$JOIN_CMD\")\nif [[ $(echo $WRITE_KV | grep -c \"Success\") -eq 0 ]] ; then\n   echo \"Oops!  Could not write join command to Consul.  Check bottom of /tmp/output for join command.\"\nfi\n\n#\n# Create the DataDog DaemonSet\n#\nsleep 5\n#\n# Get DataDog API key\n# \ndocker exec consul consul kv get synergy/datadog > /tmp/dd-apikey\nsed -i \"s/DDAPI_KEY_HERE/$(cat /tmp/dd-apikey)/g\" /root/dd-agent.yaml\nsu - -c \"kubectl create -f /root/dd-agent.yaml\"\n\nexit 0\nEND\n\nupload -<<END /root/dd-agent.yaml\napiVersion: extensions/v1beta1\nkind: DaemonSet\nmetadata:\n  name: dd-agent\nspec:\n  template:\n    metadata:\n      labels:\n        app: dd-agent\n      name: dd-agent\n    spec:\n      containers:\n      - image: datadog/docker-dd-agent:latest\n        imagePullPolicy: Always\n        name: dd-agent\n        ports:\n          - containerPort: 8125\n            name: dogstatsdport\n            protocol: UDP\n        env:\n          - name: API_KEY\n            value: DDAPI_KEY_HERE\n          - name: KUBERNETES\n            value: \"yes\"\n          - name: SD_BACKEND\n            value: docker\n          # Uncomment this variable if the agent has issues reaching kubelet\n          # - name: KUBERNETES_KUBELET_HOST\n          #   valueFrom:\n          #     fieldRef:\n          #       fieldPath: status.hostIP  # Kubernetes >= 1.7\n          #       # or\n          #       # fieldPath: spec.nodeName  # Kubernetes < 1.7\n        resources:\n          requests:\n            memory: \"128Mi\"\n            cpu: \"100m\"\n          limits:\n            memory: \"512Mi\"\n            cpu: \"250m\"\n        volumeMounts:\n          - name: dockersocket\n            mountPath: /var/run/docker.sock\n          - name: procdir\n            mountPath: /host/proc\n            readOnly: true\n          - name: cgroups\n            mountPath: /host/sys/fs/cgroup\n            readOnly: true\n        livenessProbe:\n          exec:\n            command:\n            - ./probe.sh\n          initialDelaySeconds: 15\n          periodSeconds: 5\n      volumes:\n        - hostPath:\n            path: /var/run/docker.sock\n          name: dockersocket\n        - hostPath:\n            path: /proc\n          name: procdir\n        - hostPath:\n            path: /sys/fs/cgroup\n          name: cgroups\nEND\n\nchmod 0755 /usr/local/bin/k8s-master-install.sh\n\nln-s /etc/systemd/system/k8s-master-install.service /etc/systemd/system/runlast.target.wants/k8s-master-install.service\n\necho \"Create Kubernetes master systemd complete\""}