{"type":"OeBuildPlan","dependentArtifacts":null,"customAttributes":[{"constraints":"{}","description":"","name":"SERVER_MASK","value":"","type":"string"},{"constraints":"{}","description":"","name":"VLAN_ID","value":"0","type":"string"},{"constraints":"{}","description":"","name":"SERVER_FQDN","value":"","type":"string"},{"constraints":"{}","description":"","name":"DATADOG_TAG","value":"","type":"string"},{"constraints":"{}","description":"","name":"SERVER_GW","value":"","type":"string"},{"constraints":"{}","description":"","name":"DNS_IP","value":"","type":"string"},{"constraints":"{}","description":"","name":"SERVER_IP","value":"","type":"string"}],"buildStep":[{"planScriptName":"2018-03-15-HudsonAlpha_CentOS7.4_umount","planScriptUri":"/rest/plan-scripts/a481ccbb-8e61-43a6-853d-ac0c8b701fe7","parameters":null,"serialNumber":"1"},{"planScriptName":"2018-03-15-HudsonAlpha_prep_yum_systemd","planScriptUri":"/rest/plan-scripts/00d61fcf-b321-46e2-acff-00ac5707df24","parameters":null,"serialNumber":"2"},{"planScriptName":"2018-03-15-HudsonAlpha_NICbond_static_systemd","planScriptUri":"/rest/plan-scripts/c61bfa79-a9d0-45e0-a6c3-3e4b8acd604e","parameters":null,"serialNumber":"3"},{"planScriptName":"2018-03-15-HudsonAlpha_DAS_cleanup_systemd","planScriptUri":"/rest/plan-scripts/e756a2dc-9f5c-436f-b7bf-aa44cd0d6915","parameters":null,"serialNumber":"4"},{"planScriptName":"2018-03-15-HudsonAlpha_DockerCE_systemd","planScriptUri":"/rest/plan-scripts/0108d1e2-ad4a-4318-afd8-6c870df58bdd","parameters":null,"serialNumber":"5"},{"planScriptName":"2018-03-15-HudsonAlpha_Consul_systemd","planScriptUri":"/rest/plan-scripts/784895fb-6c53-4a62-a6d9-ca0fabc14ef2","parameters":null,"serialNumber":"6"},{"planScriptName":"2018-03-15-HudsonAlpha_config_hostname_root_ssh","planScriptUri":"/rest/plan-scripts/7448ffbd-6ca0-4d91-a433-9917cdc9be57","parameters":null,"serialNumber":"7"},{"planScriptName":"2018-03-15-HudsonAlpha_DataDog_systemd","planScriptUri":"/rest/plan-scripts/c115ec21-5796-49cc-8f7d-ba132db9e693","parameters":null,"serialNumber":"8"},{"planScriptName":"2018-03-15-HudsonAlpha_CentOS7.4_mount","planScriptUri":"/rest/plan-scripts/ed59ff1a-6c19-427c-a36d-5eb527a24ea2","parameters":null,"serialNumber":"9"}],"eTag":null,"created":null,"modified":null,"hpProvided":false,"buildPlanid":"a73abffc-d54e-42ab-8b21-4761a2c5908f","oeBuildPlanType":"deploy","category":null,"description":"Provision CentOS 7.4 node with DHCP NIC bonding (network set VLAN can be tagged or untagged), Multipathing, Docker-CE engine with 1 DAS disk, DataDog agent, and Consul agent","status":null,"uri":null,"name":"2018-03-15-HudsonAlpha_Docker_CentOS7.4"}