{"type":"PlanScript","dependentArtifacts":null,"hpProvided":false,"eTag":null,"created":null,"modified":null,"customAttributes":null,"planType":"deploy","category":null,"description":"systemd configuration for active/passive NIC bond for 2 HP FlexNICs (static IP)","status":null,"uri":null,"name":"2018-03-15-HudsonAlpha_NICbond_static_systemd","id":"c61bfa79-a9d0-45e0-a6c3-3e4b8acd604e","state":null,"content":"#\n# Katreena Mullican\n# HudsonAlpha Institute for Biotechnology\n# This code is under the MIT license, view the complete file at https://github.com/HudsonAlpha/synergy/blob/master/LICENSE\n# \necho \"########################################\"\necho \"Create systemd startup files for network bonding (static)\"\necho \"########################################\"\n\nupload -<<END /etc/systemd/system/network-bond.service\n[Unit]\nDescription=create active/passive bond for 2 HP FlexNICs\nAfter=multi-user.target\nConditionPathExists=!/proc/net/bonding/bond0\n\n[Service]\nType=simple\nExecStart=/usr/local/bin/network-bond.sh \"@VLAN_ID:0@\"\n\n[Install]\nWantedBy=runlast.target\nEND\n\nupload -<<END /usr/local/bin/network-bond.sh\n#! /bin/bash\n#\n# Bond two NICs, active/passive\n#\n#\n# Katreena Mullican\n# HudsonAlpha Institute for Biotechnology\n# This code is under the MIT license, view the complete file at https://github.com/HudsonAlpha/synergy/blob/master/LICENSE\n# \necho \"########################################\"\necho \"Create CentOS 7.3 systemd startup files for network bonding (DHCP)\"\necho \"########################################\"\n\nupload -<<END /etc/systemd/system/network-bond.service\n[Unit]\nDescription=create active/passive bond for 2 HP FlexNICs\nAfter=multi-user.target\n\n[Service]\nType=oneshot\nExecStart=/usr/local/bin/network-bond.sh \"@VLAN_ID:0@\"\n\n[Install]\nWantedBy=runlast.target\nEND\n\nupload -<<END /usr/local/bin/network-bond.sh\n#! /bin/bash\n#\n# Bond two NICs, active/passive\n#\n#\nif [ $# -ne 1 ] ; then\n   echo \"must have 1 arg (VLAN)\"\n   exit 1\nfi\n\nif [[ -f /proc/net/bonding/bond0 ]] ; then\n   echo \"Bonding appears to already be configured.  Exiting.\"\n   echo\n   exit 0\nfi\n\ndeclare -a NICS\nCONF_DIR=/etc/sysconfig/network-scripts\nVLAN=$1\n\n# Get NIC interface names\nNICS=($(ip link | grep state | awk -F \":\" '{print $2}' | grep -v 'lo' | grep -v 'ibft'))\nNUM_NICS=${#NICS[@]}\n\nif [[ $NUM_NICS -ne 2 ]] ; then\n   echo \"Expected 2 NICs, found $NUM_NICS.  Check connections in profile. Exiting ...\"\n   exit 1\nfi\n\nNIC1=${NICS[0]}\nNIC2=${NICS[1]}\n\n#\n# Configure bond if VLAN tagged\n#\nif [[ $VLAN != \"0\" ]] ; then\n\ncat <<EOF > $CONF_DIR/ifcfg-bond0.$VLAN\nDEVICE=bond0.$VLAN\nTYPE=Ethernet\nNAME=bond0.$VLAN\nVLAN=yes\nBONDING_MASTER=yes\nBOOTPROTO=none\nIPADDR=@SERVER_IP@\nNETMASK=@SERVER_MASK@\nGATEWAY=@SERVER_GW@\nONBOOT=yes\nEOF\n\ncat <<EOF > $CONF_DIR/ifcfg-bond0\nDEVICE=bond0\nTYPE=Unknown\nNAME=bond0\nBONDING_MASTER=yes\nBOOTPROTO=none\nONBOOT=yes\nBONDING_OPTS=\"mode=1 miimon=100\"\nEOF\n\nelse\n\n#\n# Configure bond if untagged\n#\ncat <<EOF > $CONF_DIR/ifcfg-bond0\nDEVICE=bond0\nTYPE=Bond\nNAME=bond0\nBONDING_MASTER=yes\nBOOTPROTO=none\nIPADDR=@SERVER_IP@\nNETMASK=@SERVER_MASK@\nGATEWAY=@SERVER_GW@\nONBOOT=yes\nBONDING_OPTS=\"mode=1 miimon=100\"\nEOF\n\nfi\n\n#\n# Configure bond slave NICs\n#\ncat <<EOF > $CONF_DIR/ifcfg-$NIC1\nTYPE=Ethernet\nBOOTPROTO=none\nDEVICE=$NIC1\nONBOOT=yes\nMASTER=bond0\nSLAVE=yes\nEOF\n\ncat <<EOF > $CONF_DIR/ifcfg-$NIC2\nTYPE=Ethernet\nBOOTPROTO=none\nDEVICE=$NIC2\nONBOOT=yes\nMASTER=bond0\nSLAVE=yes\nEOF\n\necho \"Restarting network\"\necho\nsystemctl restart network\n\necho \"configuring resolv.conf\"\necho\nrm /etc/resolv.conf\nIFS=',' read -a dnsarray <<< \"@DNS_IP@\"\nfor i in ${dnsarray[@]} ; do\n   echo \"nameserver $i\" >> /etc/resolv.conf\ndone\n\nexit 0\nEND\n\nchmod 0755 /usr/local/bin/network-bond.sh\n\nln-s /etc/systemd/system/network-bond.service /etc/systemd/system/runlast.target.wants/network-bond.service\n\necho \"Create networkbond systemd complete\""}