{"type":"PlanScript","dependentArtifacts":null,"hpProvided":false,"eTag":null,"created":null,"modified":null,"customAttributes":null,"planType":"deploy","category":null,"description":"systemd configuration for installing Docker engine on CentOS","status":null,"uri":null,"name":"2018-03-15-HudsonAlpha_Docker_systemd","id":"e66e31b1-7f93-4184-bd94-982fda434e59","state":null,"content":"#\n# Katreena Mullican\n# HudsonAlpha Institute for Biotechnology\n# This code is under the MIT license, view the complete file at https://github.com/HudsonAlpha/synergy/blob/master/LICENSE\n#\necho \"########################################\"\necho \"Create CentOS 7.4 systemd startup files for Docker install\"\necho \"########################################\"\n\nupload -<<END /etc/systemd/system/docker-install.service\n[Unit]\nDescription=Install Docker\nAfter=multi-user.target network-bond.service das-cleanup.service\nRequires=network-bond.service\nConditionPathExists=!/usr/bin/docker\n\n[Service]\nType=oneshot\nExecStart=/usr/local/bin/docker-install.sh\n\n[Install]\nWantedBy=runlast.target\nEND\n\nupload -<<END /usr/local/bin/docker-install.sh\n#! /bin/bash\n\n#\n# Install docker engine\n#\nif [[ -f /usr/bin/docker ]] ; then\n   echo \"Docker is already installed.  Exiting ...\"\n   exit 1\nfi\n\n#\n# Wait a few seconds for networking to get settled\n#\nsleep 10\n\nyum install -y docker\n\n#\n# Datadog requires docker to run as \"docker\" group\n#\ncat <<EOF > /etc/docker/daemon.json\n{\n    \"group\": \"docker\"\n}\nEOF\ngroupadd docker\n\n#\n# Enable and start docker engine\n#\nsystemctl enable docker\nsystemctl start docker\n\nexit 0\nEND\n\nchmod 0755 /usr/local/bin/docker-install.sh\nln-s /etc/systemd/system/docker-install.service /etc/systemd/system/runlast.target.wants/docker-install.service\n\necho \"Create Docker systemd complete\""}