{"type":"PlanScript","dependentArtifacts":null,"hpProvided":false,"eTag":null,"created":null,"modified":null,"customAttributes":null,"planType":"general","category":null,"description":"","status":null,"uri":null,"name":"2018-03-15-HudsonAlpha_CentOS7.4_mount","id":"ed59ff1a-6c19-427c-a36d-5eb527a24ea2","state":null,"content":"# Mount / partition for CentOS Linux\n#\n# Default CentOS 7.4 layout partition layout is:\n# 1 - UEFI ESP\n# 2 - /boot  \n# 3 - /\n\necho \"########################################\"\necho \"Mount CentOS 7.4 / partition\"\necho \"########################################\"\n\necho \"Mount file systems:\"\necho \"/dev/cl/root is assumed to be CentOS / partition\"\necho \"mount /dev/cl/root\"\nmount /dev/cl/root /\necho \"File system details for /dev/cl/root:\"\n-statvfs /\necho"}