{"type":"PlanScript","dependentArtifacts":null,"hpProvided":false,"eTag":null,"created":null,"modified":null,"customAttributes":null,"planType":"general","category":null,"description":"","status":null,"uri":null,"name":"HudsonAlpha_CentOS7.4_umount","id":"f3db38f9-3079-42ff-ba1f-f7b6f6914b3c","state":null,"content":"echo \"########################################\"\necho \"Cleanup and unmount CentOS 7.4 file systems \"\necho \"########################################\"\n\necho \"Unmount file systems\"\numount /\necho"}