{"type":"OeBuildPlan","dependentArtifacts":null,"customAttributes":[{"constraints":"{}","description":"","name":"SERVER_MASK","value":"","type":"string"},{"constraints":"{}","description":"","name":"VLAN_ID","value":"0","type":"string"},{"constraints":"{}","description":"","name":"SERVER_FQDN","value":"","type":"string"},{"constraints":"{\"ipv4static\":true,\"ipv4dhcp\":false,\"parameters\":[\"mac\"]}","description":"","name":"NIC1","value":"","type":"nic"},{"constraints":"{}","description":"","name":"DATADOG_TAG","value":"","type":"string"},{"constraints":"{\"ipv4static\":true,\"ipv4dhcp\":false,\"parameters\":[\"mac\"]}","description":"","name":"NIC2","value":"","type":"nic"},{"constraints":"{}","description":"","name":"SERVER_GW","value":"","type":"string"},{"constraints":"{}","description":"","name":"DNS_IP","value":"","type":"string"},{"constraints":"{}","description":"","name":"CONSUL_FQDN","value":"","type":"string"},{"constraints":"{}","description":"","name":"SERVER_IP","value":"","type":"string"}],"buildStep":[{"planScriptUri":"/rest/plan-scripts/974e226f-a02a-4859-8c1c-d50d431174c4","planScriptName":"HudsonAlpha_CentOS7.3_mount","parameters":null,"serialNumber":"1"},{"planScriptUri":"/rest/plan-scripts/6dad8ea7-d227-46fe-a88e-aeb454a7b61f","planScriptName":"HudsonAlpha_CentOS7.3_prep_yum_systemd","parameters":null,"serialNumber":"2"},{"planScriptUri":"/rest/plan-scripts/89483b3a-4fde-4463-8dd4-d3d26d7daf12","planScriptName":"HudsonAlpha_CentOS7.3_NICbond_static_systemd","parameters":null,"serialNumber":"3"},{"planScriptUri":"/rest/plan-scripts/3c34ad42-81a8-4c2f-b25c-48b2cd8fb8e8","planScriptName":"HudsonAlpha_CentOS7.3_Consul_systemd","parameters":null,"serialNumber":"4"},{"planScriptUri":"/rest/plan-scripts/fcbdd2d5-6db7-47e7-bf46-d8bda8a039f6","planScriptName":"HudsonAlpha_CentOS7.3_config_hostname_root_ssh","parameters":null,"serialNumber":"5"},{"planScriptUri":"/rest/plan-scripts/a4f533e8-bb48-49ad-841b-a61a861d8a40","planScriptName":"HudsonAlpha_CentOS7.3_OpenStack_compute_systemd","parameters":null,"serialNumber":"6"},{"planScriptUri":"/rest/plan-scripts/c929ffe0-4cbc-4fc9-823d-f742361af5fb","planScriptName":"HudsonAlpha_CentOS7.3_DataDog_systemd","parameters":null,"serialNumber":"7"},{"planScriptUri":"/rest/plan-scripts/93c68997-e673-4994-98e8-dc53709cfeb0","planScriptName":"HudsonAlpha_CentOS7.3_umount","parameters":null,"serialNumber":"8"}],"eTag":null,"created":null,"modified":null,"etag":null,"hpProvided":false,"buildPlanid":"0da8a33e-c603-4159-8108-af6ab1826dfd","oeBuildPlanType":"deploy","description":"Provision CentOS 7.3 node with NIC bonding (untagged VLAN, static IP), Multipathing, DataDog agent, Consul agent, and 1 DAS disk for nova VG","category":null,"uri":null,"status":null,"name":"HudsonAlpha_OpenStack_compute"}