{"type":"PlanScript","dependentArtifacts":null,"hpProvided":false,"eTag":null,"created":null,"modified":null,"customAttributes":null,"planType":"deploy","description":"systemd configuration for OpenStack compute install","category":null,"uri":null,"status":null,"name":"HudsonAlpha_CentOS7.3_OpenStack_compute_systemd","id":"a4f533e8-bb48-49ad-841b-a61a861d8a40","state":null,"content":"#\n# Katreena Mullican\n# HudsonAlpha Institute for Biotechnology\n# This code is under the MIT license, view the complete file at https://github.com/HudsonAlpha/synergy/blob/master/LICENSE\n# \necho \"########################################\"\necho \"Create CentOS 7.3 systemd startup files for OpenStack compute node install\"\necho \"########################################\"\n\nupload -<<END /etc/systemd/system/openstack-config-nova-vg.service\n[Unit]\nDescription=Configure nova volume group for compute node\nAfter=multi-user.target network-bond.service consul-install.service\nRequires=network-bond.service consul-install.service\nConditionPathIsMountPoint=!/var/lib/nova\n\n[Service]\nType=simple\nExecStart=/usr/local/bin/nova-volgroup.sh\n\n[Install]\nWantedBy=runlast.target\nEND\n\nupload -<<END /usr/local/bin/nova-volgroup.sh\n#! /bin/bash\n#\n# Configure the volume group for /var/lib/nova mountpoint and SSH pubkey\n# for controller node packstack user\n#\necho \"Configuring LVM VG /var/lib/nova\"\n#\n#\nMPATH_NUM=$(ls /dev/mapper/mpath* | wc -l)\nif [[ $MPATH_NUM -ne 1 ]] ; then\n   echo \"ERROR: expected 1 DAS disk, found $MPATH_NUM\"\n   echo \"please ensure profile contains 1 DAS disk and try again.\"\n   echo \"exiting ....\"\n   exit 1\nfi\n\n# If old VGs have been read from the DAS disk, clean them up\n#\nif [[ -e /dev/vg_nova ]] ; then\n   vgreduce --removemissing --force vg_nova\n   vgchange -a n vg_nova\n   vgremove -f vg_nova\nfi\nif [[ -e /dev/vg_cinder ]] ; then\n   vgreduce --removemissing --force vg_cinder\n   vgchange -a n vg_cinder\n   vgremove -f vg_cinder\nfi\nif [[ -e /dev/vg_data ]] ; then\n   vgreduce --removemissing --force vg_data\n   vgchange -a n vg_data\n   vgremove -f vg_data\nfi\nMPATH=($(ls /dev/mapper | grep mpath))\nmkdir /var/lib/nova\ndd if=/dev/zero of=/dev/mapper/${MPATH[0]} bs=512 count=512\ndmsetup remove_all\nsleep 3\nsystemctl restart multipathd\nsleep 3\npvscan --cache\nsleep 3\npvcreate -ff -y /dev/mapper/${MPATH[0]}\nvgcreate -f vg_nova /dev/mapper/${MPATH[0]}\nlvcreate -y -n lv_nova -l +100%FREE vg_nova\nmkfs.xfs -f /dev/vg_nova/lv_nova\necho \"/dev/vg_nova/lv_nova   /var/lib/nova   xfs   defaults,_netdev   0 0\" >> /etc/fstab\nmount -a\n\n#\n# Get controller node packstack public key from consul\n#\ndocker exec consul consul kv get synergy/packstack >> /root/.ssh/authorized_keys\n\nexit 0\nEND\n\nchmod 0755 /usr/local/bin/nova-volgroup.sh\n\nln-s /etc/systemd/system/openstack-config-nova-vg.service /etc/systemd/system/runlast.target.wants/openstack-config-nova-vg.service\n\necho \"Create OpenStack compute systemd complete\""}