{"type":"PlanScript","dependentArtifacts":null,"hpProvided":false,"eTag":null,"created":null,"modified":null,"customAttributes":null,"planType":"deploy","description":"systemd configuration for formatting and mounting /docker-data DAS disk and installing docker engine","category":null,"status":null,"uri":null,"name":"HudsonAlpha_Docker_systemd","id":"aee09962-5b1c-4fee-bb4c-be18ac98b1d4","state":null,"content":"#\n# Katreena Mullican\n# HudsonAlpha Institute for Biotechnology\n# This code is under the MIT license, view the complete file at https://github.com/HudsonAlpha/synergy/blob/master/LICENSE\n# \necho \"########################################\"\necho \"Create systemd startup files for docker engine and /docker-data DAS disk\"\necho \"########################################\"\n\nupload -<<END /etc/systemd/system/docker-install.service\n[Unit]\nDescription=Format DAS disk, create mountpoint, add to fstab, install docker engine\nAfter=multi-user.target\nConditionPathIsMountPoint=!/docker-data\n\n[Service]\nType=oneshot\nExecStart=/usr/local/bin/docker-install.sh\n\n[Install]\nWantedBy=runlast.target\nEND\n\nupload -<<END /usr/local/bin/docker-install.sh\n#! /bin/bash\n#\n# Configure the volume group for /docker-data mountpoint\n#\necho \"Formatting disk for /docker-data\"\n#\n#\nMPATH_NUM=$(ls /dev/mapper/mpath* | wc -l)\nif [[ $MPATH_NUM -ne 1 ]] ; then\n   echo \"ERROR: expected 1 DAS disk, found $MPATH_NUM\"\n   echo \"please ensure profile contains 1 DAS disk and try again.\"\n   echo \"exiting ....\"\n   exit 1\nfi\n#\n# If old VGs have been detected on DAS disk, clean them up\n#\nif [[ -e /dev/vg_nova ]] ; then\n   vgreduce --removemissing --force vg_nova\n   vgchange -a n vg_nova\n   vgremove -f vg_nova\nfi\nif [[ -e /dev/vg_cinder ]] ; then\n   vgreduce --removemissing --force vg_cinder\n   vgchange -a n vg_cinder\n   vgremove -f vg_cinder\nfi\nif [[ -e /dev/vg_data ]] ; then\n   vgreduce --removemissing --force vg_data\n   vgchange -a n vg_data\n   vgremove -f vg_data\nfi\n#\n# Zero the existing disk\n#\nMPATH=($(ls /dev/mapper | grep mpath))\nmkdir /docker-data\ndd if=/dev/zero of=/dev/mapper/${MPATH[0]} bs=512 count=512\ndmsetup remove_all\nsleep 3\nsystemctl restart multipathd\nsleep 3\npvscan --cache\nsleep 3\n#\n# Create logical volume and mount\npvcreate -ff -y /dev/mapper/${MPATH[0]}\nvgcreate -f vg_data /dev/mapper/${MPATH[0]}\nlvcreate -y -n lv_data -l +100%FREE vg_data\nmkfs.xfs -f /dev/vg_data/lv_data\necho \"/dev/vg_data/lv_data   /docker-data   xfs   defaults,_netdev   0 0\" >> /etc/fstab\nmount -a\n#\n# Install docker engine\n#\nyum install -y docker\n#\n# Change the default /var/lib/docker path to /docker-data\n#\nsed -i 's/^OPTIONS=.*/OPTIONS=\"--selinux-enabled --log-driver=journald --signature-verification=false -g \\/docker-data\"/g' /etc/sysconfig/docker\n#\n# Enable and start docker engine\n#\nsystemctl enable docker\nsystemctl start docker\n\nexit 0\nEND\n\nchmod 0755 /usr/local/bin/docker-install.sh\n\nln-s /etc/systemd/system/docker-install.service /etc/systemd/system/runlast.target.wants/docker-install.service\n\necho \"Create DAS disk and docker install systemd complete\""}