{"type":"PlanScript","dependentArtifacts":null,"hpProvided":false,"eTag":null,"created":null,"modified":null,"customAttributes":null,"planType":"general","description":"","category":null,"status":null,"uri":null,"name":"HudsonAlpha_CentOS7.4_umount","id":"5fb3d461-074f-49da-bf32-24336c1857fd","state":null,"content":"echo \"########################################\"\necho \"Cleanup and unmount CentOS 7.4 file systems \"\necho \"########################################\"\n\necho \"Unmount file systems\"\numount /\necho"}