{"type":"OeBuildPlan","dependentArtifacts":null,"customAttributes":[{"constraints":"{}","description":"","name":"VLAN_ID","value":"0","type":"string"},{"constraints":"{}","description":"","name":"SERVER_FQDN","value":"","type":"string"},{"constraints":"{}","description":"","name":"DATADOG_TAG","value":"","type":"string"},{"constraints":"{}","description":"","name":"CONSUL_FQDN","value":"","type":"string"}],"buildStep":[{"planScriptUri":"/rest/plan-scripts/d6e0b04f-8214-452a-8934-7bf16d6fa735","planScriptName":"HudsonAlpha_Fedora27_mount","serialNumber":"1","parameters":null},{"planScriptUri":"/rest/plan-scripts/4e87fd1b-4eb9-431e-8853-d90df90f48a3","planScriptName":"HudsonAlpha_prep_yum_systemd","serialNumber":"2","parameters":null},{"planScriptUri":"/rest/plan-scripts/da879da2-3625-48f2-89f9-1b053ed5051a","planScriptName":"HudsonAlpha_NICbond_systemd","serialNumber":"3","parameters":null},{"planScriptUri":"/rest/plan-scripts/70dc2fb2-72a7-4c6e-9e32-7b577ef2d1ad","planScriptName":"HudsonAlpha_DAS_cleanup_systemd","serialNumber":"4","parameters":null},{"planScriptUri":"/rest/plan-scripts/ef2f1fa5-4844-4511-b0c2-b8df9811ee3b","planScriptName":"HudsonAlpha_Docker_systemd","serialNumber":"5","parameters":null},{"planScriptUri":"/rest/plan-scripts/2edbfcc2-a061-4298-bc71-3835604468ac","planScriptName":"HudsonAlpha_Consul_systemd","serialNumber":"6","parameters":null},{"planScriptUri":"/rest/plan-scripts/d328313d-0c54-4a63-9ace-60be08a0b329","planScriptName":"HudsonAlpha_config_hostname_root_ssh","serialNumber":"7","parameters":null},{"planScriptUri":"/rest/plan-scripts/9f2a3bb3-18ef-4222-9598-2951f0d8d78e","planScriptName":"HudsonAlpha_DataDog_systemd","serialNumber":"8","parameters":null},{"planScriptUri":"/rest/plan-scripts/b9a9a1ed-566b-472e-8b9e-6f77d6a7d72e","planScriptName":"HudsonAlpha_Fedora27_umount","serialNumber":"9","parameters":null}],"eTag":null,"created":null,"modified":null,"hpProvided":false,"buildPlanid":"6831ea40-4535-467e-97cd-9b9c4672f4a0","oeBuildPlanType":"deploy","description":"Provision Fedora 27 node with DHCP NIC bonding (network set VLAN can be tagged or untagged), Multipathing, Docker-CE engine with 1 DAS disk, DataDog agent, and Consul agent","category":null,"status":null,"uri":null,"name":"HudsonAlpha_Docker_Fedora27"}