{"type":"PlanScript","dependentArtifacts":null,"hpProvided":false,"eTag":null,"created":null,"modified":null,"customAttributes":null,"planType":"deploy","description":"Clear any existing LVM information on DAS drives","category":null,"status":null,"uri":null,"name":"HudsonAlpha_DAS_cleanup_systemd","id":"70dc2fb2-72a7-4c6e-9e32-7b577ef2d1ad","state":null,"content":"#\n# Katreena Mullican\n# HudsonAlpha Institute for Biotechnology\n# This code is under the MIT license, view the complete file at https://github.com/HudsonAlpha/synergy/blob/master/LICENSE\n# \necho \"########################################\"\necho \"Create CentOS 7.4 systemd startup files for DAS cleanup\"\necho \"########################################\"\n\nupload -<<END /etc/systemd/system/das-cleanup.service\n[Unit]\nDescription=Clear existing configuration from DAS disks\nAfter=multi-user.target\nBefore=docker-install.service\nConditionPathExists=!/usr/bin/docker\n\n[Service]\nType=oneshot\nExecStart=/usr/local/bin/das-cleanup.sh\n\n[Install]\nWantedBy=runlast.target\nEND\n\nupload -<<END /usr/local/bin/das-cleanup.sh\n#! /bin/bash\n#\n#\n# Clean up any VGs (except the CentOS \"cl\" or \"fedora\" groups) from previous usage\n#\npvscan --cache\nVG=($(pvscan | head -n -1 | grep -v \"cl\" | grep -v \"fedora\" | awk '{print $4}'))\nfor i in \"${VG[@]}\" ; do\n      echo \"Found VG $i, destroying it\"\n      vgreduce --removemissing --force $i\n      vgchange -a n $i\n      vgremove -f $i\n      echo \"VG $i has been removed\"\n      echo\ndone\n\nMPATH=($(ls /dev/mapper | grep mpath))\nfor i in \"${MPATH[@]}\" ; do\n    echo \"zeroing /dev/mapper/$i\"\n    dd if=/dev/zero of=/dev/mapper/$i bs=512 count=512\ndone\n\ndmsetup remove_all\nsleep 3\n\nsystemctl restart multipathd\nsleep 3\n\npvscan --cache\nsleep 3\n\nexit 0\nEND\n\nchmod 0755 /usr/local/bin/das-cleanup.sh\n\nln-s /etc/systemd/system/das-cleanup.service /etc/systemd/system/runlast.target.wants/das-cleanup.service\n\necho \"Create DAS cleanup systemd complete\""}