{"type":"PlanScript","dependentArtifacts":null,"hpProvided":false,"eTag":null,"created":null,"modified":null,"customAttributes":null,"planType":"general","description":"","category":null,"status":null,"uri":null,"name":"HudsonAlpha_Fedora27_umount","id":"b9a9a1ed-566b-472e-8b9e-6f77d6a7d72e","state":null,"content":"echo \"########################################\"\necho \"Cleanup and unmount Fedora 27 file systems \"\necho \"########################################\"\n\necho \"Unmount file systems\"\numount /\necho"}