{"type":"OeBuildPlan","dependentArtifacts":null,"customAttributes":[],"buildStep":[{"planScriptUri":"/rest/plan-scripts/d6e0b04f-8214-452a-8934-7bf16d6fa735","planScriptName":"HudsonAlpha_Fedora27_mount","serialNumber":"1","parameters":null},{"planScriptUri":"/rest/plan-scripts/fc8be6c2-996b-4876-914e-baf2e1dce184","planScriptName":"HudsonAlpha_Fedora27_generalize_host_configuration","serialNumber":"2","parameters":null},{"planScriptUri":"/rest/plan-scripts/b9a9a1ed-566b-472e-8b9e-6f77d6a7d72e","planScriptName":"HudsonAlpha_Fedora27_umount","serialNumber":"3","parameters":null}],"eTag":null,"created":null,"modified":null,"hpProvided":false,"buildPlanid":"d25bc54d-e874-42a8-bad4-66c9e2942eba","oeBuildPlanType":"capture","description":"Capture Fedora 27 Server installation and prep for Golden Image","category":null,"status":null,"uri":null,"name":"HudsonAlpha_Fedora27_capture"}