{"type":"PlanScript","dependentArtifacts":null,"hpProvided":false,"eTag":null,"created":null,"modified":null,"customAttributes":null,"planType":"general","description":"","category":null,"status":null,"uri":null,"name":"HudsonAlpha_Fedora27_mount","id":"d6e0b04f-8214-452a-8934-7bf16d6fa735","state":null,"content":"# Mount / partition for Fedora Linux\n#\n# Default Fedora layout partition layout is:\n# 1 - UEFI ESP\n# 2 - /boot  \n# 3 - /\n\necho \"########################################\"\necho \"Mount Fedora 27 / partition\"\necho \"########################################\"\n\necho \"Mount file systems:\"\necho \"/dev/fedora/root is assumed to be Fedora / partition\"\necho \"mount /dev/fedora/root\"\nmount /dev/fedora/root /\necho \"File system details for /dev/fedora/root:\"\n-statvfs /\necho"}