{"type":"PlanScript","dependentArtifacts":null,"hpProvided":false,"eTag":null,"created":null,"modified":null,"customAttributes":null,"planType":"deploy","description":"systemd configuration for installing Docker-CE engine with 1 DAS disk","category":null,"status":null,"uri":null,"name":"HudsonAlpha_Docker_systemd","id":"ef2f1fa5-4844-4511-b0c2-b8df9811ee3b","state":null,"content":"#\n# Katreena Mullican\n# HudsonAlpha Institute for Biotechnology\n# This code is under the MIT license, view the complete file at https://github.com/HudsonAlpha/synergy/blob/master/LICENSE\n#\necho \"########################################\"\necho \"Create CentOS 7.4 systemd startup files for Docker-CE install\"\necho \"########################################\"\n\nupload -<<END /etc/systemd/system/docker-install.service\n[Unit]\nDescription=Install Docker-CE and configure devicemapper LVM storage\nAfter=multi-user.target network-bond.service das-cleanup.service\nRequires=network-bond.service\nConditionPathExists=!/usr/bin/docker\n\n[Service]\nType=oneshot\nExecStart=/usr/local/bin/docker-install.sh\n\n[Install]\nWantedBy=runlast.target\nEND\n\nupload -<<END /usr/local/bin/docker-install.sh\n#! /bin/bash\n\n#\n# Install docker engine\n#\nif [[ -f /usr/bin/docker ]] ; then\n   echo \"Docker is already installed.  Exiting ...\"\n   exit 1\nfi\n\n#\n# Wait a few seconds for networking to get settled\n#\nsleep 10\n\nif grep -q \"CentOS\" /etc/redhat-release ; then\n   yum install -y yum-utils device-mapper-persistent-data lvm2\n   yum-config-manager --add-repo https://download.docker.com/linux/centos/docker-ce.repo\n   yum install -y docker-ce\nelse\n   dnf -y install dnf-plugins-core\n   dnf config-manager --add-repo https://download.docker.com/linux/fedora/docker-ce.repo\n   dnf -y install docker-ce\nfi\n\n#\n# Setup devicemapper with LVM\n# Docker-install is the first systemd service to run, so claim /dev/mapper/mpatha\n# Make note of this consumed DAS drive for subsequent applications\n#\necho \"mpatha\" >> /root/.DAS.consumed\n\n#\n# Enable and start docker engine\n#\nsystemctl enable docker\nsystemctl start docker\n\n#\n# Setup devicemapper LVM config\n#\ncat<<EOF >/etc/docker/daemon.json\n{\n  \"storage-driver\": \"devicemapper\",\n  \"storage-opts\": [\n    \"dm.directlvm_device=/dev/mapper/mpatha\",\n    \"dm.thinp_percent=95\",\n    \"dm.thinp_metapercent=1\",\n    \"dm.thinp_autoextend_threshold=80\",\n    \"dm.thinp_autoextend_percent=20\",\n    \"dm.directlvm_device_force=false\"\n  ]\n}\nEOF\nsystemctl restart docker\n\nexit 0\nEND\n\nchmod 0755 /usr/local/bin/docker-install.sh\nln-s /etc/systemd/system/docker-install.service /etc/systemd/system/runlast.target.wants/docker-install.service\n\necho \"Create Docker systemd complete\""}