{"type":"OeBuildPlan","dependentArtifacts":null,"customAttributes":[{"constraints":"{}","description":"","name":"VLAN_ID","value":"0","type":"string"},{"constraints":"{}","description":"","name":"SERVER_FQDN","value":"","type":"string"},{"constraints":"{\"ipv4static\":true,\"ipv4dhcp\":false,\"parameters\":[\"mac\"]}","description":"","name":"NIC1","value":"","type":"nic"},{"constraints":"{}","description":"","name":"DATADOG_TAG","value":"","type":"string"},{"constraints":"{\"ipv4static\":true,\"ipv4dhcp\":false,\"parameters\":[\"mac\"]}","description":"","name":"NIC2","value":"","type":"nic"},{"constraints":"{}","description":"","name":"CONSUL_FQDN","value":"","type":"string"}],"buildStep":[{"planScriptUri":"/rest/plan-scripts/974e226f-a02a-4859-8c1c-d50d431174c4","planScriptName":"HudsonAlpha_CentOS7.3_mount","parameters":null,"serialNumber":"1"},{"planScriptUri":"/rest/plan-scripts/6dad8ea7-d227-46fe-a88e-aeb454a7b61f","planScriptName":"HudsonAlpha_CentOS7.3_prep_yum_systemd","parameters":null,"serialNumber":"2"},{"planScriptUri":"/rest/plan-scripts/4214211e-069a-4b7b-9f06-c649186a40aa","planScriptName":"HudsonAlpha_CentOS7.3_NICbond_systemd","parameters":null,"serialNumber":"3"},{"planScriptUri":"/rest/plan-scripts/3c34ad42-81a8-4c2f-b25c-48b2cd8fb8e8","planScriptName":"HudsonAlpha_CentOS7.3_Consul_systemd","parameters":null,"serialNumber":"4"},{"planScriptUri":"/rest/plan-scripts/fcbdd2d5-6db7-47e7-bf46-d8bda8a039f6","planScriptName":"HudsonAlpha_CentOS7.3_config_hostname_root_ssh","parameters":null,"serialNumber":"5"},{"planScriptUri":"/rest/plan-scripts/185e87ab-c0be-4e5a-bc9c-46ea23098471","planScriptName":"HudsonAlpha_CentOS7.3_DAS_systemd","parameters":null,"serialNumber":"6"},{"planScriptUri":"/rest/plan-scripts/c929ffe0-4cbc-4fc9-823d-f742361af5fb","planScriptName":"HudsonAlpha_CentOS7.3_DataDog_systemd","parameters":null,"serialNumber":"7"},{"planScriptUri":"/rest/plan-scripts/93c68997-e673-4994-98e8-dc53709cfeb0","planScriptName":"HudsonAlpha_CentOS7.3_umount","parameters":null,"serialNumber":"8"}],"eTag":null,"created":null,"modified":null,"etag":null,"hpProvided":false,"buildPlanid":"4b5f4df2-834e-4c13-8598-4333fd2d4137","oeBuildPlanType":"deploy","description":"Provision CentOS 7.3 node with DHCP NIC bonding (network set VLAN can be tagged or untagged), Multipathing, Docker, DataDog agent, Consul agent, and 1 DAS disk for data VG","category":null,"uri":null,"status":null,"name":"HudsonAlpha_Docker_CentOS7.3"}