{"type":"OeBuildPlan","dependentArtifacts":null,"customAttributes":[],"buildStep":[{"planScriptUri":"/rest/plan-scripts/974e226f-a02a-4859-8c1c-d50d431174c4","planScriptName":"HudsonAlpha_CentOS7.3_mount","parameters":null,"serialNumber":"1"},{"planScriptUri":"/rest/plan-scripts/b536dc4e-3314-420d-9b7e-72be868c3c39","planScriptName":"HudsonAlpha_CentOS7.3_generalize_host_configuration","parameters":null,"serialNumber":"2"},{"planScriptUri":"/rest/plan-scripts/93c68997-e673-4994-98e8-dc53709cfeb0","planScriptName":"HudsonAlpha_CentOS7.3_umount","parameters":null,"serialNumber":"3"}],"eTag":null,"created":null,"modified":null,"etag":null,"hpProvided":false,"buildPlanid":"1107a892-df52-4d75-91bb-2b9fdcc623db","oeBuildPlanType":"capture","description":"Capture CentOS 7.3 installation and prep for Golden Image","category":null,"uri":null,"status":null,"name":"HudsonAlpha_CentOS7.3_capture"}