{"type":"PlanScript","dependentArtifacts":null,"hpProvided":false,"eTag":null,"created":null,"modified":null,"customAttributes":null,"planType":"deploy","description":"systemd configuration for formatting and mounting /data DAS disk","category":null,"uri":null,"status":null,"name":"HudsonAlpha_CentOS7.3_DAS_systemd","id":"185e87ab-c0be-4e5a-bc9c-46ea23098471","state":null,"content":"#\n# Katreena Mullican\n# HudsonAlpha Institute for Biotechnology\n# This code is under the MIT license, view the complete file at https://github.com/HudsonAlpha/synergy/blob/master/LICENSE\n# \necho \"########################################\"\necho \"Create CentOS 7.3 systemd startup files for /data DAS disk\"\necho \"########################################\"\n\nupload -<<END /etc/systemd/system/das-disk.service\n[Unit]\nDescription=Format DAS disk, create mountpoint, add to fstab\nAfter=multi-user.target\nConditionPathIsMountPoint=!/data\n\n[Service]\nType=oneshot\nExecStart=/usr/local/bin/das-disk.sh\n\n[Install]\nWantedBy=runlast.target\nEND\n\nupload -<<END /usr/local/bin/das-disk.sh\n#! /bin/bash\n#\n# Configure the volume group for /data mountpoint\n#\necho \"Formatting disk for /data\"\n#\n#\nMPATH_NUM=$(ls /dev/mapper/mpath* | wc -l)\nif [[ $MPATH_NUM -ne 1 ]] ; then\n   echo \"ERROR: expected 1 DAS disk, found $MPATH_NUM\"\n   echo \"please ensure profile contains 1 DAS disk and try again.\"\n   echo \"exiting ....\"\n   exit 1\nfi\n\n# If old VGs have been detected on DAS disk, clean them up\n#\nif [[ -e /dev/vg_nova ]] ; then\n   vgreduce --removemissing --force vg_nova\n   vgchange -a n vg_nova\n   vgremove -f vg_nova\nfi\nif [[ -e /dev/vg_cinder ]] ; then\n   vgreduce --removemissing --force vg_cinder\n   vgchange -a n vg_cinder\n   vgremove -f vg_cinder\nfi\nif [[ -e /dev/vg_data ]] ; then\n   vgreduce --removemissing --force vg_data\n   vgchange -a n vg_data\n   vgremove -f vg_data\nfi\n\nMPATH=($(ls /dev/mapper | grep mpath))\nmkdir /data\ndd if=/dev/zero of=/dev/mapper/${MPATH[0]} bs=512 count=512\ndmsetup remove_all\nsleep 3\nsystemctl restart multipathd\nsleep 3\npvscan --cache\nsleep 3\npvcreate -ff -y /dev/mapper/${MPATH[0]}\nvgcreate -f vg_data /dev/mapper/${MPATH[0]}\nlvcreate -y -n lv_data -l +100%FREE vg_data\nmkfs.xfs -f /dev/vg_data/lv_data\necho \"/dev/vg_data/lv_data   /data   xfs   defaults,_netdev   0 0\" >> /etc/fstab\nmount -a\n\nexit 0\nEND\n\nchmod 0755 /usr/local/bin/das-disk.sh\n\nln-s /etc/systemd/system/das-disk.service /etc/systemd/system/runlast.target.wants/das-disk.service\n\necho \"Create DAS disk systemd complete\""}