{"type":"PlanScript","dependentArtifacts":null,"hpProvided":false,"eTag":null,"created":null,"modified":null,"customAttributes":null,"planType":"capture","category":null,"description":"sysprep a new Fedora 27 Server installation for Golden Image","status":null,"uri":null,"name":"2018-03-15-HudsonAlpha_Fedora27_generalize_host_configuration","id":"3b93beb2-104a-4064-8392-7015ebe1983c","state":null,"content":"#\n# Katreena Mullican\n# HudsonAlpha Institute for Biotechnology\n# This code is under the MIT license, view the complete file at https://github.com/HudsonAlpha/synergy/blob/master/LICENSE\n# \necho \"########################################\"\necho \"Generalize Fedora 27 Server host configuration\"\necho \"########################################\"\n\necho \"Clear current hostname\"\ntouch /etc/hostname\nrm /etc/hostname\n\necho \"Remove current network configuration\"\ntouch /etc/sysconfig/network-scripts/ifcfg-en-touch\ntouch /etc/sysconfig/network-scripts/ifcfg-bond-touch\ntouch /etc/resolv.conf\nglob rm /etc/sysconfig/network-scripts/ifcfg-en*\nglob rm /etc/sysconfig/network-scripts/ifcfg-bond*\nrm /etc/resolv.conf\n\n\necho \"Remove SSH keys\"\nglob rm-f /etc/ssh/*key*\n\necho \"Remove history\"\ntouch /root/.bash_history\nrm /root/.bash_history\n\necho \"Remove logs\"\nrm /var/log/messages\nrm /var/log/wtmp\nrm /var/log/btmp\nrm /var/log/secure\ntouch /var/log/messages\ntouch /var/log/secure\ntouch /var/log/wtmp\ntouch /var/log/btmp\n\necho \"Fedora generalization complete\""}