{"type":"PlanScript","dependentArtifacts":null,"hpProvided":false,"eTag":null,"created":null,"modified":null,"customAttributes":null,"planType":"general","category":null,"description":"","status":null,"uri":null,"name":"2018-03-15-HudsonAlpha_Fedora27_mount","id":"b3db754b-5379-45ea-b188-c6016c442720","state":null,"content":"# Mount / partition for Fedora Linux\n#\n# Default Fedora layout partition layout is:\n# 1 - UEFI ESP\n# 2 - /boot  \n# 3 - /\n\necho \"########################################\"\necho \"Mount Fedora 27 / partition\"\necho \"########################################\"\n\necho \"Mount file systems:\"\necho \"/dev/fedora/root is assumed to be Fedora / partition\"\necho \"mount /dev/fedora/root\"\nmount /dev/fedora/root /\necho \"File system details for /dev/fedora/root:\"\n-statvfs /\necho"}