{"type":"PlanScript","dependentArtifacts":null,"hpProvided":false,"eTag":null,"created":null,"modified":null,"customAttributes":null,"planType":"general","category":null,"description":"","status":null,"uri":null,"name":"2018-03-15-HudsonAlpha_Fedora27_umount","id":"ca2b48e2-fc45-448b-a5bc-4bcf4d23542d","state":null,"content":"echo \"########################################\"\necho \"Cleanup and unmount Fedora 27 file systems \"\necho \"########################################\"\n\necho \"Unmount file systems\"\numount /\necho"}