{"type":"OeBuildPlan","dependentArtifacts":null,"customAttributes":[],"buildStep":[{"planScriptName":"2018-03-15-HudsonAlpha_Fedora27_mount","planScriptUri":"/rest/plan-scripts/b3db754b-5379-45ea-b188-c6016c442720","parameters":null,"serialNumber":"1"},{"planScriptName":"2018-03-15-HudsonAlpha_Fedora27_generalize_host_configuration","planScriptUri":"/rest/plan-scripts/3b93beb2-104a-4064-8392-7015ebe1983c","parameters":null,"serialNumber":"2"},{"planScriptName":"2018-03-15-HudsonAlpha_Fedora27_umount","planScriptUri":"/rest/plan-scripts/ca2b48e2-fc45-448b-a5bc-4bcf4d23542d","parameters":null,"serialNumber":"3"}],"eTag":null,"created":null,"modified":null,"hpProvided":false,"buildPlanid":"e2ef4e78-fa42-4a61-ae4a-9dcf5f1568b4","oeBuildPlanType":"capture","category":null,"description":"Capture Fedora 27 Server installation and prep for Golden Image","status":null,"uri":null,"name":"HudsonAlpha_Fedora27_capture"}