{"type":"OeBuildPlan","dependentArtifacts":null,"customAttributes":[{"constraints":"{}","description":"","name":"SERVER_MASK","value":"","type":"string"},{"constraints":"{}","description":"","name":"VLAN_ID","value":"0","type":"string"},{"constraints":"{}","description":"","name":"SERVER_FQDN","value":"","type":"string"},{"constraints":"{}","description":"","name":"DATADOG_TAG","value":"","type":"string"},{"constraints":"{}","description":"","name":"SERVER_GW","value":"","type":"string"},{"constraints":"{}","description":"","name":"DNS_IP","value":"","type":"string"},{"constraints":"{}","description":"","name":"CONSUL_FQDN","value":"","type":"string"},{"constraints":"{}","description":"","name":"SERVER_IP","value":"","type":"string"}],"buildStep":[{"planScriptName":"HudsonAlpha_CentOS7.4_mount","planScriptUri":"/rest/plan-scripts/4112503a-2faf-4da5-8941-2a2b9a7ff4e3","parameters":null,"serialNumber":"1"},{"planScriptName":"HudsonAlpha_prep_yum_systemd","planScriptUri":"/rest/plan-scripts/4e87fd1b-4eb9-431e-8853-d90df90f48a3","parameters":null,"serialNumber":"2"},{"planScriptName":"HudsonAlpha_NICbond_static_systemd","planScriptUri":"/rest/plan-scripts/09f5a686-2058-477f-a173-7bc4251aad1e","parameters":null,"serialNumber":"3"},{"planScriptName":"HudsonAlpha_DAS_cleanup_systemd","planScriptUri":"/rest/plan-scripts/70dc2fb2-72a7-4c6e-9e32-7b577ef2d1ad","parameters":null,"serialNumber":"4"},{"planScriptName":"HudsonAlpha_Docker_systemd","planScriptUri":"/rest/plan-scripts/ef2f1fa5-4844-4511-b0c2-b8df9811ee3b","parameters":null,"serialNumber":"5"},{"planScriptName":"HudsonAlpha_Consul_systemd","planScriptUri":"/rest/plan-scripts/2edbfcc2-a061-4298-bc71-3835604468ac","parameters":null,"serialNumber":"6"},{"planScriptName":"HudsonAlpha_config_hostname_root_ssh","planScriptUri":"/rest/plan-scripts/d328313d-0c54-4a63-9ace-60be08a0b329","parameters":null,"serialNumber":"7"},{"planScriptName":"HudsonAlpha_CentOS7.4_OpenStack_compute_systemd","planScriptUri":"/rest/plan-scripts/46dd9048-510f-4121-96ee-ef8d3aaaee83","parameters":null,"serialNumber":"8"},{"planScriptName":"HudsonAlpha_DataDog_systemd","planScriptUri":"/rest/plan-scripts/9f2a3bb3-18ef-4222-9598-2951f0d8d78e","parameters":null,"serialNumber":"9"},{"planScriptName":"HudsonAlpha_CentOS7.4_umount","planScriptUri":"/rest/plan-scripts/5fb3d461-074f-49da-bf32-24336c1857fd","parameters":null,"serialNumber":"10"}],"eTag":null,"created":null,"modified":null,"hpProvided":false,"buildPlanid":"22551489-7335-49a2-b151-31c0353bfa7e","oeBuildPlanType":"deploy","description":"Provision CentOS 7.4 node with NIC bonding (untagged VLAN, static IP), Multipathing, DataDog agent, Consul agent, Docker-CE engine with 1 DAS disk, and configure Nova VG with 2 DAS disks","category":null,"uri":null,"status":null,"name":"HudsonAlpha_OpenStack_compute"}