{"type":"OeBuildPlan","dependentArtifacts":null,"customAttributes":[],"buildStep":[{"planScriptName":"HudsonAlpha_CentOS7.4_mount","planScriptUri":"/rest/plan-scripts/4112503a-2faf-4da5-8941-2a2b9a7ff4e3","parameters":null,"serialNumber":"1"},{"planScriptName":"HudsonAlpha_CentOS7.4_generalize_host_configuration","planScriptUri":"/rest/plan-scripts/7336b688-5093-4fb3-8836-245a68c66e7c","parameters":null,"serialNumber":"2"},{"planScriptName":"HudsonAlpha_CentOS7.4_umount","planScriptUri":"/rest/plan-scripts/5fb3d461-074f-49da-bf32-24336c1857fd","parameters":null,"serialNumber":"3"}],"eTag":null,"created":null,"modified":null,"hpProvided":false,"buildPlanid":"86761a75-eda1-4a2e-b73f-de9cabb85414","oeBuildPlanType":"capture","description":"Capture CentOS 7.4 installation and prep for Golden Image","category":null,"uri":null,"status":null,"name":"HudsonAlpha_CentOS7.4_capture"}