{"type":"PlanScript","dependentArtifacts":null,"hpProvided":false,"eTag":null,"created":null,"modified":null,"customAttributes":null,"planType":"deploy","description":"Install kubeadm and join existing K8s cluster","category":null,"uri":null,"status":null,"name":"HudsonAlpha_K8s_minion_systemd","id":"b4ce0f99-31f4-48f8-ac8b-a9c56a661526","state":null,"content":"#\n# Katreena Mullican\n# HudsonAlpha Institute for Biotechnology\n# This code is under the MIT license, view the complete file at https://github.com/HudsonAlpha/synergy/blob/master/LICENSE\n# \necho \"########################################\"\necho \"Create systemd startup files for Kubernetes minion install\"\necho \"########################################\"\n\nupload -<<END /etc/systemd/system/k8s-minion-install.service\n[Unit]\nDescription=Install Kubernetes minion node\nAfter=multi-user.target network-bond.service consul-install.service\nRequires=network-bond.service\n\n[Service]\nType=oneshot\nExecStart=/usr/local/bin/k8s-minion-install.sh\n\n[Install]\nWantedBy=runlast.target\nEND\n\nupload -<<END /usr/local/bin/k8s-minion-install.sh\n#! /bin/bash\n\n#\n# Katreena Mullican\n# HudsonAlpha Institute for Biotechnology\n# October 2017\n#\n# Setup a k8s minion and join to master\n#\n\n#\n# Disable selinux and set disabled for future boots\n#\necho \"Disabling SELinux\"\nsetenforce 0\nsed -i 's/SELINUX=enforcing/SELINUX=disabled/g' /etc/selinux/config\n\n#\n# Disable firewalld\n#\necho \"Disabling firewalld\"\nsystemctl stop firewalld\nsystemctl disable firewalld\n\n#\n# Disable swap\n#\necho \"Disabling swap\"\nswapoff -a\nsed -i '/swap/d' /etc/fstab\n\n#\n# Setup yum repo for k8s\n#\necho \"Creating yum repo\"\n\ncat <<EOF > /etc/yum.repos.d/k8s.repo\n[kubernetes]\nname=Kubernetes\nbaseurl=https://packages.cloud.google.com/yum/repos/kubernetes-el7-x86_64\nenabled=1\ngpgcheck=1\nrepo_gpgcheck=1\ngpgkey=https://packages.cloud.google.com/yum/doc/yum-key.gpg https://packages.cloud.google.com/yum/doc/rpm-package-key.gpg\nEOF\n\n#\n# Install kubeadm\n#\necho \"Installing kubeadm\"\nyum install -y kubeadm\nsystemctl enable kubelet\necho \"Starting kubelet\"\nsystemctl start kubelet\n\n#\n# Get the join command from Consul\n#\nJOIN_CMD=$(docker exec consul consul kv get k8s/@K8S_CLUSTER_NAME@/join)\nif [[ $(echo $JOIN_CMD | grep -c \"kubeadm\") -eq 0 ]] ; then\n   echo \"K8s join command not found in Consul.  Did the master node deploy OK and write to Consul?\"\n   exit 1\nfi\n$JOIN_CMD\n\nexit 0\nEND\n\nchmod 0755 /usr/local/bin/k8s-minion-install.sh\n\nln-s /etc/systemd/system/k8s-minion-install.service /etc/systemd/system/runlast.target.wants/k8s-minion-install.service\n\necho \"Create Kubernetes minion systemd complete\""}