{"type":"OeBuildPlan","dependentArtifacts":null,"customAttributes":[{"constraints":"{}","description":"","name":"VLAN_ID","value":"0","type":"string"},{"constraints":"{}","description":"","name":"SERVER_FQDN","value":"","type":"string"},{"constraints":"{}","description":"","name":"DATADOG_TAG","value":"","type":"string"},{"constraints":"{}","description":"","name":"CONSUL_FQDN","value":"","type":"string"}],"buildStep":[{"planScriptUri":"/rest/plan-scripts/4112503a-2faf-4da5-8941-2a2b9a7ff4e3","planScriptName":"HudsonAlpha_CentOS7.4_mount","serialNumber":"1","parameters":null},{"planScriptUri":"/rest/plan-scripts/4e87fd1b-4eb9-431e-8853-d90df90f48a3","planScriptName":"HudsonAlpha_prep_yum_systemd","serialNumber":"2","parameters":null},{"planScriptUri":"/rest/plan-scripts/da879da2-3625-48f2-89f9-1b053ed5051a","planScriptName":"HudsonAlpha_NICbond_systemd","serialNumber":"3","parameters":null},{"planScriptUri":"/rest/plan-scripts/2edbfcc2-a061-4298-bc71-3835604468ac","planScriptName":"HudsonAlpha_Consul_systemd","serialNumber":"4","parameters":null},{"planScriptUri":"/rest/plan-scripts/d328313d-0c54-4a63-9ace-60be08a0b329","planScriptName":"HudsonAlpha_config_hostname_root_ssh","serialNumber":"5","parameters":null},{"planScriptUri":"/rest/plan-scripts/aee09962-5b1c-4fee-bb4c-be18ac98b1d4","planScriptName":"HudsonAlpha_Docker_systemd","serialNumber":"6","parameters":null},{"planScriptUri":"/rest/plan-scripts/9f2a3bb3-18ef-4222-9598-2951f0d8d78e","planScriptName":"HudsonAlpha_DataDog_systemd","serialNumber":"7","parameters":null},{"planScriptUri":"/rest/plan-scripts/5fb3d461-074f-49da-bf32-24336c1857fd","planScriptName":"HudsonAlpha_CentOS7.4_umount","serialNumber":"8","parameters":null}],"eTag":null,"created":null,"modified":null,"hpProvided":false,"buildPlanid":"8564d6d7-d4ec-4657-be70-63b617dcaec3","oeBuildPlanType":"deploy","description":"Provision CentOS 7.4 node with DHCP NIC bonding (network set VLAN can be tagged or untagged), Multipathing, Docker engine, DataDog agent, Consul agent, 1 DAS disk for data VG","category":null,"status":null,"uri":null,"name":"HudsonAlpha_Docker_CentOS7.4"}