{"type":"PlanScript","dependentArtifacts":null,"hpProvided":false,"eTag":null,"created":null,"modified":null,"customAttributes":null,"planType":"deploy","description":"systemd configuration for DataDog install","category":null,"status":null,"uri":null,"name":"HudsonAlpha_DataDog_systemd","id":"9f2a3bb3-18ef-4222-9598-2951f0d8d78e","state":null,"content":"#\n# Katreena Mullican\n# HudsonAlpha Institute for Biotechnology\n# This code is under the MIT license, view the complete file at https://github.com/HudsonAlpha/synergy/blob/master/LICENSE\n# \necho \"########################################\"\necho \"Create systemd startup files for DataDog agent install\"\necho \"########################################\"\n\nupload -<<END /etc/systemd/system/datadog-install.service\n[Unit]\nDescription=Install DataDog agent\nAfter=multi-user.target network-bond.service openstack-install.service consul-install.service\nRequires=network-bond.service consul-install.service\nConditionPathIsDirectory=!/etc/dd-agent\n\n[Service]\nType=oneshot\nExecStart=/usr/local/bin/datadog-install.sh\n\n[Install]\nWantedBy=runlast.target\nEND\n\nupload -<<END /usr/local/bin/datadog-install.sh\n#! /bin/bash\n#\n# Install the DataDog agent\n#\necho \"Installing DataDog agent\"\n\n# be sure network is active (ping out to internet)\nCONNECT=\"\"\nwhile [[ $CONNECT != \"ok\" ]] ; do\n   CONNECT=$(ping -q -w 1 -c 1 8.8.8.8 > /dev/null && echo \"ok\" || echo \"error\")\n   sleep 2\ndone\n\n#\n# Get DataDog API key\n# \ndocker exec consul consul kv get synergy/datadog > /tmp/dd-apikey\n\nDD_API_KEY=$(cat /tmp/dd-apikey) bash -c \"$(curl -L https://raw.githubusercontent.com/DataDog/dd-agent/master/packaging/datadog-agent/source/install_agent.sh)\"\n\nsed -i \"s/# tags:.*/tags: synergy:\"@DATADOG_TAG@\"/\" /etc/dd-agent/datadog.conf\nmv /etc/dd-agent/conf.d/system_core.yaml.example /etc/dd-agent/conf.d/system_core.yaml\nrm /tmp/dd-apikey\n\n#\n# Exclude DataDog from logging (it is very chatty)\n#\nif [[ $(grep -c \"DataDog\" /etc/rsyslog.conf) -eq 0 ]] ; then\necho\necho \"Inserting DataDog entries into rsyslog.conf\"\nsed -i '/RULES/a \\\n\\#\\ Do not log DataDog entries \\\n:programname, startswith, \"dd.forwarder\" ~ \\\n:programname, startswith, \"dd.agent\" ~ \\\n:programname, startswith, \"dd.collector\" ~ \\\n:programname, startswith, \"dd.dogstatsd\" ~' /etc/rsyslog.conf\nfi\n\n#\n# Restart syslog daemon and DD agent\n#\nsystemctl restart rsyslog\n/etc/init.d/datadog-agent restart\n\nexit 0\nEND\n\nchmod 0755 /usr/local/bin/datadog-install.sh\n\nln-s /etc/systemd/system/datadog-install.service /etc/systemd/system/runlast.target.wants/datadog-install.service\n\necho \"Create DataDog install systemd complete\""}