{"type":"PlanScript","dependentArtifacts":null,"hpProvided":false,"eTag":null,"created":null,"modified":null,"customAttributes":null,"planType":"deploy","description":"systemd configuration to set hostname, root account availability, and SSH keys","category":null,"status":null,"uri":null,"name":"HudsonAlpha_CentOS7.3_config_hostname_root_ssh","id":"d328313d-0c54-4a63-9ace-60be08a0b329","state":null,"content":"#\n# Katreena Mullican\n# HudsonAlpha Institute for Biotechnology\n# This code is under the MIT license, view the complete file at https://github.com/HudsonAlpha/synergy/blob/master/LICENSE\n# \necho \"########################################\"\necho \"Configure CentOS 7.3 hostname , IPV6, root password, and SSH\"\necho \"########################################\"\n\ntouch /etc/hostname\nrm /etc/hostname\nupload -<<END /etc/hostname\n \"@SERVER_FQDN@\"\nEND\n\nupload -<<END /etc/sysctl.d/40-ipv6.conf\nnet.ipv6.conf.all.disable_ipv6 = 1\nnet.ipv6.conf.default.disable_ipv6 = 1\nEND\n\nupload -<<END /etc/systemd/system/root_ssh_setup.service\n[Unit]\nDescription=Lock root account and configure SSH for keys only\nAfter=multi-user.target network-bond.service consul-install.service\nRequires=network-bond.service consul-install.service\n\n[Service]\nType=oneshot\nExecStart=/usr/local/bin/root_ssh_setup.sh\n\n[Install]\nWantedBy=runlast.target\nEND\n\nupload -<<END /usr/local/bin/root_ssh_setup.sh\n#! /bin/bash\n#\n# This script retrieves the SSH public key for authentication\n# The script deletes itself if the file retrieval is successful\n# Otherwise, script remains and will run on next boot\n#\n# be sure network is active (ping default route)\n#\nCONNECT=\"\"\nwhile [[ $CONNECT != \"ok\" ]] ; do\n   CONNECT=$(ping -q -w 1 -c 1 `ip r | grep default | cut -d ' ' -f 3` > /dev/null && echo \"ok\" || echo \"error\")\n   sleep 2\ndone\n#\n# Get ssh pub key\n# \nif [[ ! -d /root/.ssh ]] ; then\n   mkdir /root/.ssh\nfi\ndocker exec consul consul kv get synergy/root >> /root/.ssh/authorized_keys\n#\n# Lock root account and tighten SSH\n#\n# disable/lock root account\n#usermod -L root\n# configure SSH to only allow key-based login\nsed -i '/^ChallengeResponseAuthentication/c\\ChallengeResponseAuthentication no' /etc/ssh/sshd_config\nsed -i '/^PasswordAuthentication/c\\PasswordAuthentication no' /etc/ssh/sshd_config\n\nif [[ $CURL_EXIT == 0 ]] ; then\n   rm /usr/local/bin/root_ssh_setup.sh\n   rm /etc/systemd/system/root_ssh_setup.service\n   rm /etc/systemd/system/runlast.target.wants/root_ssh_setup.service\n   systemctl daemon-reload\n   systemctl daemon-reload\nfi\nEND\n\nchmod 0755 /usr/local/bin/root_ssh_setup.sh\n\nln-s /etc/systemd/system/root_ssh_setup.service /etc/systemd/system/runlast.target.wants/root_ssh_setup.service"}