{"type":"PlanScript","dependentArtifacts":null,"hpProvided":false,"eTag":null,"created":null,"modified":null,"customAttributes":null,"planType":"deploy","description":"systemd configuration for active/passive NIC bond for 2 HP FlexNICs (static IP)","category":null,"uri":null,"status":null,"name":"HudsonAlpha_CentOS7.3_NICbond_static_systemd","id":"89483b3a-4fde-4463-8dd4-d3d26d7daf12","state":null,"content":"#\n# Katreena Mullican\n# HudsonAlpha Institute for Biotechnology\n# This code is under the MIT license, view the complete file at https://github.com/HudsonAlpha/synergy/blob/master/LICENSE\n# \necho \"########################################\"\necho \"Create CentOS 7.3 systemd startup files for network bonding (static)\"\necho \"########################################\"\n\nupload -<<END /etc/systemd/system/network-bond.service\n[Unit]\nDescription=create active/passive bond for 2 HP FlexNICs\nAfter=multi-user.target\nConditionPathExists=!/proc/net/bonding/bond0\n\n[Service]\nType=simple\nExecStart=/usr/local/bin/network-bond.sh \"@NIC1.mac@\" \"@NIC2.mac@\" \"@VLAN_ID:0@\"\n\n[Install]\nWantedBy=runlast.target\nEND\n\nupload -<<END /usr/local/bin/network-bond.sh\n#! /bin/bash\n#\n# Bond two NICs, active/passive\n#\n# Inputs are 2 MAC addresses and 1 (optional) VLAN\n#\nif [ $# -ne 3 ] ; then\n   echo \"must have 3 args (2 MAC addresses and VLAN)\"\n   exit 1\nfi\n\nCONF_DIR=/etc/sysconfig/network-scripts\nMAC1=$(echo $1 | tr '[:upper:]' '[:lower:]')\nMAC2=$(echo $2 | tr '[:upper:]' '[:lower:]')\nVLAN=$3\n\n# Get corresponding NIC name\nNIC1=$(ip a | grep -B 1 \"$MAC1\" | head -n 1 | awk -F\":\" '{print $2}' | sed -e 's/^[ \\t]*//')\nNIC2=$(ip a | grep -B 1 \"$MAC2\" | head -n 1 | awk -F\":\" '{print $2}' | sed -e 's/^[ \\t]*//')\n\n#\n# Configure bond if VLAN tagged\n#\nif [[ $VLAN != \"0\" ]] ; then\n\ncat <<EOF > $CONF_DIR/ifcfg-bond0.$VLAN\nDEVICE=bond0.$VLAN\nTYPE=Ethernet\nNAME=bond0.$VLAN\nVLAN=yes\nBONDING_MASTER=yes\nBOOTPROTO=none\nIPADDR=@SERVER_IP@\nNETMASK=@SERVER_MASK@\nGATEWAY=@SERVER_GW@\nONBOOT=yes\nEOF\n\ncat <<EOF > $CONF_DIR/ifcfg-bond0\nDEVICE=bond0\nTYPE=Unknown\nNAME=bond0\nBONDING_MASTER=yes\nBOOTPROTO=none\nONBOOT=yes\nBONDING_OPTS=\"mode=1 miimon=100\"\nEOF\n\nelse\n\n#\n# Configure bond if untagged\n#\ncat <<EOF > $CONF_DIR/ifcfg-bond0\nDEVICE=bond0\nTYPE=Bond\nNAME=bond0\nBONDING_MASTER=yes\nBOOTPROTO=none\nIPADDR=@SERVER_IP@\nNETMASK=@SERVER_MASK@\nGATEWAY=@SERVER_GW@\nONBOOT=yes\nBONDING_OPTS=\"mode=1 miimon=100\"\nEOF\n\nfi\n\n#\n# Configure bond slave NICs\n#\ncat <<EOF > $CONF_DIR/ifcfg-$NIC1\nTYPE=Ethernet\nBOOTPROTO=none\nDEVICE=$NIC1\nONBOOT=yes\nMASTER=bond0\nSLAVE=yes\nEOF\n\ncat <<EOF > $CONF_DIR/ifcfg-$NIC2\nTYPE=Ethernet\nBOOTPROTO=none\nDEVICE=$NIC2\nONBOOT=yes\nMASTER=bond0\nSLAVE=yes\nEOF\n\necho \"Restarting network\"\necho\nsystemctl restart network\n\necho \"configuring resolv.conf\"\necho\nrm /etc/resolv.conf\nIFS=',' read -a dnsarray <<< \"@DNS_IP@\"\nfor i in ${dnsarray[@]} ; do\n   echo \"nameserver $i\" >> /etc/resolv.conf\ndone\n\nexit 0\nEND\n\nchmod 0755 /usr/local/bin/network-bond.sh\n\nln-s /etc/systemd/system/network-bond.service /etc/systemd/system/runlast.target.wants/network-bond.service\n\necho \"Create networkbond systemd complete\""}