{"type":"PlanScript","dependentArtifacts":null,"hpProvided":false,"eTag":null,"created":null,"modified":null,"customAttributes":null,"planType":"general","description":"","category":null,"uri":null,"status":null,"name":"HudsonAlpha_CentOS7.3_umount","id":"93c68997-e673-4994-98e8-dc53709cfeb0","state":null,"content":"echo \"########################################\"\necho \"Cleanup and unmount CentOS 7.3 file systems \"\necho \"########################################\"\n\necho \"Unmount file systems\"\numount /\necho"}