{"type":"PlanScript","dependentArtifacts":null,"hpProvided":false,"eTag":null,"created":null,"modified":null,"customAttributes":null,"planType":"general","description":"","category":null,"uri":null,"status":null,"name":"HudsonAlpha_CentOS7.3_mount","id":"974e226f-a02a-4859-8c1c-d50d431174c4","state":null,"content":"# Mount / partition for CentOS Linux\n#\n# Default CentOS 7.3 layout partition layout is:\n# 1 - UEFI ESP\n# 2 - /boot  \n# 3 - /\n\necho \"########################################\"\necho \"Mount CentOS 7.3 / partition\"\necho \"########################################\"\n\necho \"Mount file systems:\"\necho \"/dev/cl/root is assumed to be CentOS / partition\"\necho \"mount /dev/cl/root\"\nmount /dev/cl/root /\necho \"File system details for /dev/cl/root:\"\n-statvfs /\necho"}