{"type":"PlanScript","dependentArtifacts":null,"hpProvided":false,"eTag":null,"created":null,"modified":null,"customAttributes":null,"planType":"deploy","description":"systemd configuration for OpenStack all-in-one install","category":null,"uri":null,"status":null,"name":"HudsonAlpha_CentOS7.3_OpenStack_systemd","id":"c0122f86-721c-489d-9412-2d7eb7820199","state":null,"content":"#\n# Katreena Mullican\n# HudsonAlpha Institute for Biotechnology\n# This code is under the MIT license, view the complete file at https://github.com/HudsonAlpha/synergy/blob/master/LICENSE\n# \necho \"########################################\"\necho \"Create CentOS 7.3 systemd startup files for OpenStack all-in-one install\"\necho \"########################################\"\n\nupload -<<END /etc/systemd/system/openstack-install.service\n[Unit]\nDescription=Install OpenStack via packstack\nAfter=multi-user.target network-bond.service consul-install.service\nRequires=network-bond.service consul-install.service\nConditionPathIsMountPoint=!/var/lib/nova\n\n[Service]\nType=simple\nExecStart=/usr/local/bin/openstack-install.sh\n\n[Install]\nWantedBy=runlast.target\nEND\n\nupload -<<END /usr/local/bin/openstack-install.sh\n#! /bin/bash\n#\n# Install OpenStack all-in-one\n#\n#\n# Ensure firewalld is stopped\n#\nif [[ $(systemctl status firewalld | grep Active | grep -c running) -eq 1 ]] ; then\n    echo \"Stopping and disabling firewalld service\"\n    systemctl stop firewalld\n    systemctl disable firewalld\nfi\n#\n# Ensure SELinux is set to permissive\n#\nif [[ $(sestatus | grep -c enforcing) -eq 1 ]] ; then\n    echo \"Setting SELinux to permissive mode\"\n    setenforce 0\nfi\n#\n# Install NTP\n#\nif [[ ! -f /usr/sbin/ntpq ]] ; then\n   echo \"Installing and enabling NTP\"\n   yum install -y ntp\n   systemctl start ntpd\n   systemctl enable ntpd\nfi\n#\n# Fresh OpenStack install\n#\necho \"Configuring LVM for nova and cinder\"\n#\n# assumed to be 4 raw drives total (2 for nova, 2 for cinder), HBA mode\n#\nMPATH_NUM=$(ls /dev/mapper/mpath* | wc -l)\nif [[ $MPATH_NUM -ne 4 ]] ; then\n   echo \"ERROR: expected 4 DAS disks, found $MPATH_NUM\"\n   echo \"please ensure the profile contains 4 DAS disks and try again.\"\n   echo \"exiting ....\"\n   exit 1\nfi\n#\n# If old VGs have been detected from the DAS disk(s), clean them up\n#\nif [[ -e /dev/vg_nova ]] ; then\n   vgreduce --removemissing --force vg_nova\n   vgchange -a n vg_nova\n   vgremove -f vg_nova\nfi\nif [[ -e /dev/vg_data ]] ; then\n   vgreduce --removemissing --force vg_data\n   vgchange -a n vg_data\n   vgremove -f vg_data\nfi\nif [[ -e /dev/vg_cinder ]] ; then\n   vgreduce --removemissing --force vg_cinder\n   vgchange -a n vg_cinder\n   vgremove -f vg_cinder\nfi\n#\nMPATH=($(ls /dev/mapper | grep mpath))\nmkdir /var/lib/nova\ndd if=/dev/zero of=/dev/mapper/${MPATH[0]} bs=512 count=512\ndd if=/dev/zero of=/dev/mapper/${MPATH[1]} bs=512 count=512\ndd if=/dev/zero of=/dev/mapper/${MPATH[2]} bs=512 count=512\ndd if=/dev/zero of=/dev/mapper/${MPATH[3]} bs=512 count=512\ndmsetup remove_all\nsleep 3\nsystemctl restart multipathd\nsleep 3\npvscan --cache\nsleep 3\npvcreate -ff -y /dev/mapper/${MPATH[0]} /dev/mapper/${MPATH[1]}\nvgcreate -f vg_nova /dev/mapper/${MPATH[0]} /dev/mapper/${MPATH[1]}\nlvcreate -y -n lv_nova -l +100%FREE vg_nova\nmkfs.xfs -f /dev/vg_nova/lv_nova\necho \"/dev/vg_nova/lv_nova   /var/lib/nova   xfs   defaults,_netdev   0 0\" >> /etc/fstab\n\npvcreate -ff -y /dev/mapper/${MPATH[2]} /dev/mapper/${MPATH[3]}\nvgcreate -f cinder-volumes /dev/mapper/${MPATH[2]} /dev/mapper/${MPATH[3]}\n# cinder-volumes will be used by packstack and does not need an lv or mountpoint\n\nmount -a\n\n#\n# Install packages for packstack\n#\necho \"Installing yum packages required for packstack\"\nyum install -y euca2ools centos-release-openstack-newton openstack-config   \nyum install -y openstack-packstack openstack-utils\n#\n# Create packstack account\n#\necho \"Creating packstack user account\"\nuseradd packstack\n#\n# Install OpenStack Newton\n#\necho \"Installing Newton via packstack\"\nrunuser -l packstack -c \"ssh-keygen -q -f /home/packstack/.ssh/id_rsa -N ''\"\ncat /home/packstack/.ssh/id_rsa.pub >> /root/.ssh/authorized_keys\ncat /etc/ssh/ssh_host_ecdsa_key.pub >> /home/packstack/.ssh/known_hosts\nchown packstack:packstack /home/packstack/.ssh/known_hosts\nrunuser -l packstack -c \"packstack --allinone --provision-demo=n --os-neutron-ovs-bridge-mappings=extnet:br-ex --os-neutron-ovs-bridge-interfaces=br-ex:bond0 --os-neutron-ml2-type-drivers=vxlan,flat --cinder-volumes-create=n\"\n#\n# Configure OpenStack networking\n#\n. /home/packstack/keystonerc_admin\n#\n# Create external network\n#\necho \"Creating neutron networks\"\n\nneutron net-create external_network --provider:network_type flat --provider:physical_network extnet --router:external --shared\n\nneutron subnet-create --name external_subnet --enable_dhcp=False --allocation-pool start=\"@IP_ALLOC_POOL_START@\",end=\"@IP_ALLOC_POOL_END@\" --gateway=\"@NEUTRON_EXT_GW@\" external_network \"@NEUTRON_EXT_CIDR@\"\n#\n# Create new project for lab01\n#\nopenstack project create --description 'lab01' lab01\nopenstack user create --project lab01 --password 'demo' lab01\nTENANT_ID=$(openstack project list | grep lab01 | awk '{print $2}')\n#\n# Assign users to admin role for new project\n#\nopenstack role add --user admin --project $TENANT_ID admin\nopenstack role add --user lab01 --project $TENANT_ID admin\n#\n# Create router for lab01\n#\necho \"Creating lab01 router for external access\"\nneutron router-create --tenant-id=$TENANT_ID lab01-router01\nneutron router-gateway-set lab01-router01 external_network\n#\n# Create private network\n#\necho \"Create private networks for lab01\"\nneutron net-create --tenant-id=$TENANT_ID lab01-net01\nneutron subnet-create --tenant_id=$TENANT_ID --name lab01-subnet01 lab01-net01 10.0.1.0/24\nneutron router-interface-add lab01-router01 lab01-subnet01\n#\n# Allow SSH and PING to all\n#\necho \"Creating security group rules to allow SSH and ICMP\"\nDEF_SEC_GROUP=$(openstack security group list | grep $TENANT_ID | awk '{print $2}')\nopenstack security group rule create --project $TENANT_ID --protocol tcp --dst-port 22:22 --src-ip 0.0.0.0/0 $DEF_SEC_GROUP\nopenstack security group rule create --project $TENANT_ID --protocol icmp $DEF_SEC_GROUP\n#\n# Add glance images for instances\n#\necho \"Adding glance images\"\n\ncurl http://cloud.centos.org/centos/7/images/CentOS-7-x86_64-GenericCloud-1611.qcow2 | glance image-create --name='CentOS 7.1611' --visibility=public --container-format=bare --disk-format=qcow2\n\ncurl https://cloud-images.ubuntu.com/xenial/current/xenial-server-cloudimg-amd64-disk1.img | glance image-create --name='Ubuntu 16.04 LTS' --visibility=public --container-format=bare --disk-format=qcow2\n#\n# Allow 25 instances\n#\necho \"Increasing compute max to 25 instances\"\nnova quota-class-update default --instances 25\n#\n# Change floating IP addresses to external network\n#\necho \"Configuring floating IP address pool\"\nopenstack-config --set /etc/nova/nova.conf DEFAULT default_floating_pool external_network\n#\n# Write packstack public key to consul (will be used by future compute nodes)\n#\ndocker exec consul consul kv put synergy/packstack \"$(cat /home/packstack/.ssh/id_rsa.pub)\"\n#\n# Restart services\n#\necho \"Restarting services\"\nsystemctl restart openstack-nova-api\nsystemctl restart openstack-nova-conductor\necho \"Complete!\"\n\nexit 0\nEND\n\nchmod 0755 /usr/local/bin/openstack-install.sh\n\nln-s /etc/systemd/system/openstack-install.service /etc/systemd/system/runlast.target.wants/openstack-install.service\n\necho \"Create OpenStack systemd complete\""}